{
  "type": "FeatureCollection",
  "metadata": {
    "psgc_type": "highly_urbanized_city",
    "psgc_version": "2023-10-24",
    "namria_version": "2023-11-06",
    "feature_count": 34,
    "match_summary": {
      "exact": 31,
      "huc_map": 1,
      "fuzzy": 2,
      "non_administrative": 0,
      "unresolved": 0
    }
  },
  "features": [
    {
      "type": "Feature",
      "properties": {
        "ADM3_EN": "Angeles City",
        "ADM3_PCODE": "PH0305401",
        "ADM2_EN": "Pampanga",
        "ADM2_PCODE": "PH03054",
        "ADM1_EN": "Region III (Central Luzon)",
        "ADM1_PCODE": "PH03",
        "ADM0_EN": "Philippines (the)",
        "ADM0_PCODE": "PH",
        "date": "2022-11-09",
        "validOn": "2023-11-06",
        "validTo": null,
        "ADM3_REF": null,
        "ADM3ALT1EN": null,
        "Shape_Leng": 0.610863158632,
        "Shape_Area": 0.0101779379152,
        "AREA_SQKM": 121.028987477,
        "psgc_id": "PH0330100",
        "psgc_code": "0330100000",
        "psgc_name": "City of Angeles",
        "psgc_status": "matched",
        "match_confidence": 1.0,
        "psgc_type": "highly_urbanized_city",
        "match_method": "exact",
        "namria_adm2_pcode": "PH03054",
        "region": "Region III (Central Luzon)",
        "province": null
      },
      "geometry": {
        "type": "Polygon",
        "coordinates": [
          [
            [
              120.58261167100011,
              15.17037166800003
            ],
            [
              120.64265713300006,
              15.178686990000074
            ],
            [
              120.63316922800004,
              15.169649969000034
            ],
            [
              120.64109516600001,
              15.16329236200005
            ],
            [
              120.63240987800009,
              15.135962923000022
            ],
            [
              120.62867474000006,
              15.129305749000025
            ],
            [
              120.61832552600004,
              15.135982581000064
            ],
            [
              120.59957455900008,
              15.122739489000026
            ],
            [
              120.59723459500003,
              15.108419555000069
            ],
            [
              120.58019926400004,
              15.116147779000073
            ],
            [
              120.57946329700007,
              15.126417944000025
            ],
            [
              120.54831996900009,
              15.139480751000065
            ],
            [
              120.53787621400011,
              15.134111493000034
            ],
            [
              120.52251984700001,
              15.144251050000037
            ],
            [
              120.46726020500012,
              15.144220507000057
            ],
            [
              120.4491684190001,
              15.151852530000042
            ],
            [
              120.44977598600008,
              15.175672598000062
            ],
            [
              120.47811933500009,
              15.176563754000028
            ],
            [
              120.52386852900008,
              15.206986372000074
            ],
            [
              120.567368987,
              15.22228685400006
            ],
            [
              120.58261167100011,
              15.17037166800003
            ]
          ]
        ]
      }
    },
    {
      "type": "Feature",
      "properties": {
        "ADM3_EN": "Olongapo City",
        "ADM3_PCODE": "PH0307107",
        "ADM2_EN": "Zambales",
        "ADM2_PCODE": "PH03071",
        "ADM1_EN": "Region III (Central Luzon)",
        "ADM1_PCODE": "PH03",
        "ADM0_EN": "Philippines (the)",
        "ADM0_PCODE": "PH",
        "date": "2022-11-09",
        "validOn": "2023-11-06",
        "validTo": null,
        "ADM3_REF": null,
        "ADM3ALT1EN": null,
        "Shape_Leng": 0.982620040279,
        "Shape_Area": 0.0118467208881,
        "AREA_SQKM": 141.09045321,
        "psgc_id": "PH0331400",
        "psgc_code": "0331400000",
        "psgc_name": "City of Olongapo",
        "psgc_status": "matched",
        "match_confidence": 1.0,
        "psgc_type": "highly_urbanized_city",
        "match_method": "exact",
        "namria_adm2_pcode": "PH03071",
        "region": "Region III (Central Luzon)",
        "province": null
      },
      "geometry": {
        "type": "MultiPolygon",
        "coordinates": [
          [
            [
              [
                120.34618065900008,
                14.860527562000073
              ],
              [
                120.33630120900011,
                14.842825056000038
              ],
              [
                120.3460659640001,
                14.82215790600003
              ],
              [
                120.33830140400005,
                14.81669669400003
              ],
              [
                120.34134914300012,
                14.80509065700005
              ],
              [
                120.35227186700001,
                14.806892164000033
              ],
              [
                120.36252341400007,
                14.791009791000022
              ],
              [
                120.36058266300006,
                14.777602718000026
              ],
              [
                120.30568697800004,
                14.751137130000075
              ],
              [
                120.28272873100002,
                14.754998184000044
              ],
              [
                120.29095037600007,
                14.748161783000057
              ],
              [
                120.2797927250001,
                14.738906920000034
              ],
              [
                120.24656634400003,
                14.750066349000065
              ],
              [
                120.24197997600004,
                14.76156674200007
              ],
              [
                120.28131415000007,
                14.779969424000058
              ],
              [
                120.25834908200011,
                14.788418983000042
              ],
              [
                120.26300949200004,
                14.80500181900004
              ],
              [
                120.27060417200005,
                14.798023754000042
              ],
              [
                120.28423577100011,
                14.800692982000044
              ],
              [
                120.2878949410001,
                14.793398145000026
              ],
              [
                120.29752516300005,
                14.80214367800005
              ],
              [
                120.29157526800009,
                14.823634187000039
              ],
              [
                120.28555649300006,
                14.820839122000052
              ],
              [
                120.28906901300002,
                14.812638585000059
              ],
              [
                120.2674573170001,
                14.823259858000029
              ],
              [
                120.26689622000004,
                14.847359794000056
              ],
              [
                120.2458664190001,
                14.848825859000044
              ],
              [
                120.27018469100005,
                14.868647686000031
              ],
              [
                120.28122666100012,
                14.896660255000029
              ],
              [
                120.3103299920001,
                14.911775680000062
              ],
              [
                120.34549383100011,
                14.910387398000069
              ],
              [
                120.34618065900008,
                14.860527562000073
              ]
            ]
          ],
          [
            [
              [
                120.23401230600007,
                14.83240679100004
              ],
              [
                120.23500239300006,
                14.832027046000064
              ],
              [
                120.23458796200009,
                14.831570890000023
              ],
              [
                120.23401230600007,
                14.83240679100004
              ]
            ]
          ],
          [
            [
              [
                120.22968052200008,
                14.774055774000033
              ],
              [
                120.22404307200009,
                14.76841550000006
              ],
              [
                120.22374559200011,
                14.775515418000055
              ],
              [
                120.22968052200008,
                14.774055774000033
              ]
            ]
          ],
          [
            [
              [
                120.22586540700001,
                14.76398832600006
              ],
              [
                120.22444799300001,
                14.763678199000026
              ],
              [
                120.226029702,
                14.765509204000068
              ],
              [
                120.22586540700001,
                14.76398832600006
              ]
            ]
          ]
        ]
      }
    },
    {
      "type": "Feature",
      "properties": {
        "ADM3_EN": "Lucena City (Capital)",
        "ADM3_PCODE": "PH0405624",
        "ADM2_EN": "Quezon",
        "ADM2_PCODE": "PH04056",
        "ADM1_EN": "Region IV-A (Calabarzon)",
        "ADM1_PCODE": "PH04",
        "ADM0_EN": "Philippines (the)",
        "ADM0_PCODE": "PH",
        "date": "2022-11-09",
        "validOn": "2023-11-06",
        "validTo": null,
        "ADM3_REF": null,
        "ADM3ALT1EN": null,
        "Shape_Leng": 0.558316687413,
        "Shape_Area": 0.00699161249623,
        "AREA_SQKM": 83.5917404176,
        "psgc_id": "PH0431200",
        "psgc_code": "0431200000",
        "psgc_name": "City of Lucena",
        "psgc_status": "matched",
        "match_confidence": 1.0,
        "psgc_type": "highly_urbanized_city",
        "match_method": "exact",
        "namria_adm2_pcode": "PH04056",
        "region": "Region IV-A (CALABARZON)",
        "province": null
      },
      "geometry": {
        "type": "Polygon",
        "coordinates": [
          [
            [
              121.61510595000004,
              13.990113159000032
            ],
            [
              121.65292469200006,
              13.96739604000004
            ],
            [
              121.65200837800012,
              13.950065967000057
            ],
            [
              121.6932419210001,
              13.923965428000031
            ],
            [
              121.67786587600006,
              13.922824267000067
            ],
            [
              121.66740528200012,
              13.91192562200007
            ],
            [
              121.62409398200009,
              13.907556578000026
            ],
            [
              121.61618174400007,
              13.900310894000029
            ],
            [
              121.6156239500001,
              13.89537848200007
            ],
            [
              121.61773246100006,
              13.892468864000023
            ],
            [
              121.61844822100011,
              13.890701264000029
            ],
            [
              121.6181869180001,
              13.89031540600007
            ],
            [
              121.60253540400004,
              13.899003583000024
            ],
            [
              121.58197765700004,
              13.890231707000055
            ],
            [
              121.573554392,
              13.899745947000042
            ],
            [
              121.57266497400008,
              13.920795439000074
            ],
            [
              121.55469601200002,
              13.946192129000053
            ],
            [
              121.58492348700008,
              13.96952641200005
            ],
            [
              121.59329090000006,
              13.96474784700007
            ],
            [
              121.59989804300005,
              13.976628730000073
            ],
            [
              121.60675730100002,
              13.968682740000077
            ],
            [
              121.61510595000004,
              13.990113159000032
            ]
          ]
        ]
      }
    },
    {
      "type": "Feature",
      "properties": {
        "ADM3_EN": "Iloilo City (Capital)",
        "ADM3_PCODE": "PH0603022",
        "ADM2_EN": "Iloilo",
        "ADM2_PCODE": "PH06030",
        "ADM1_EN": "Region VI (Western Visayas)",
        "ADM1_PCODE": "PH06",
        "ADM0_EN": "Philippines (the)",
        "ADM0_PCODE": "PH",
        "date": "2022-11-09",
        "validOn": "2023-11-06",
        "validTo": null,
        "ADM3_REF": null,
        "ADM3ALT1EN": null,
        "Shape_Leng": 0.526994397249,
        "Shape_Area": 0.00600709107393,
        "AREA_SQKM": 72.6841248181,
        "psgc_id": "PH0631000",
        "psgc_code": "0631000000",
        "psgc_name": "City of Iloilo",
        "psgc_status": "matched",
        "match_confidence": 1.0,
        "psgc_type": "highly_urbanized_city",
        "match_method": "exact",
        "namria_adm2_pcode": "PH06030",
        "region": "Region VI (Western Visayas)",
        "province": null
      },
      "geometry": {
        "type": "Polygon",
        "coordinates": [
          [
            [
              122.59546991600007,
              10.76020042600004
            ],
            [
              122.58561123600009,
              10.744307277000075
            ],
            [
              122.59903227300003,
              10.736902776000022
            ],
            [
              122.6006176090001,
              10.721014929000034
            ],
            [
              122.58085218200006,
              10.687364986000034
            ],
            [
              122.56108176100008,
              10.691362079000044
            ],
            [
              122.5312202670001,
              10.67923220800003
            ],
            [
              122.49478270700001,
              10.68174680800007
            ],
            [
              122.49872121300007,
              10.694781047000049
            ],
            [
              122.51245649200007,
              10.69134113900003
            ],
            [
              122.5241607910001,
              10.713187050000045
            ],
            [
              122.51323946600007,
              10.739228787000059
            ],
            [
              122.531429634,
              10.738380808000045
            ],
            [
              122.54163080500007,
              10.759936236000044
            ],
            [
              122.55893537700001,
              10.76043244400006
            ],
            [
              122.56614833200001,
              10.783204043000069
            ],
            [
              122.59546991600007,
              10.76020042600004
            ]
          ]
        ]
      }
    },
    {
      "type": "Feature",
      "properties": {
        "ADM3_EN": "Bacolod City (Capital)",
        "ADM3_PCODE": "PH0604501",
        "ADM2_EN": "Negros Occidental",
        "ADM2_PCODE": "PH06045",
        "ADM1_EN": "Region VI (Western Visayas)",
        "ADM1_PCODE": "PH06",
        "ADM0_EN": "Philippines (the)",
        "ADM0_PCODE": "PH",
        "date": "2022-11-09",
        "validOn": "2023-11-06",
        "validTo": null,
        "ADM3_REF": null,
        "ADM3ALT1EN": null,
        "Shape_Leng": 0.854030421692,
        "Shape_Area": 0.0134166784443,
        "AREA_SQKM": 162.377865801,
        "psgc_id": "PH0630200",
        "psgc_code": "0630200000",
        "psgc_name": "City of Bacolod",
        "psgc_status": "matched",
        "match_confidence": 1.0,
        "psgc_type": "highly_urbanized_city",
        "match_method": "exact",
        "namria_adm2_pcode": "PH06045",
        "region": "Region VI (Western Visayas)",
        "province": null
      },
      "geometry": {
        "type": "Polygon",
        "coordinates": [
          [
            [
              123.13932722700008,
              10.659633958000029
            ],
            [
              123.04134135900006,
              10.631646683000042
            ],
            [
              123.021838666,
              10.634206204000066
            ],
            [
              122.98887824300004,
              10.584445784000025
            ],
            [
              122.89631513200004,
              10.59889279400005
            ],
            [
              122.91841809800007,
              10.612255279000067
            ],
            [
              122.92752884200002,
              10.656282400000066
            ],
            [
              122.94162493300007,
              10.675097382000047
            ],
            [
              122.93508552300011,
              10.677290661000029
            ],
            [
              122.93439446800005,
              10.678013738000061
            ],
            [
              122.94339586800004,
              10.681057385000031
            ],
            [
              122.93328411400012,
              10.685341329000039
            ],
            [
              122.93589823600007,
              10.691506098000048
            ],
            [
              122.94957537200003,
              10.680898738000053
            ],
            [
              122.9509659680001,
              10.699951813000041
            ],
            [
              122.93942546500011,
              10.701704169000038
            ],
            [
              122.947851925,
              10.703532640000049
            ],
            [
              122.94900157500001,
              10.715837208000039
            ],
            [
              122.99919630300008,
              10.69994379800005
            ],
            [
              123.01377865300003,
              10.68211238200007
            ],
            [
              123.04982497700007,
              10.684967264000022
            ],
            [
              123.07634461500004,
              10.669879216000027
            ],
            [
              123.13932722700008,
              10.659633958000029
            ]
          ]
        ]
      }
    },
    {
      "type": "Feature",
      "properties": {
        "ADM3_EN": "Cebu City (Capital)",
        "ADM3_PCODE": "PH0702217",
        "ADM2_EN": "Cebu",
        "ADM2_PCODE": "PH07022",
        "ADM1_EN": "Region VII (Central Visayas)",
        "ADM1_PCODE": "PH07",
        "ADM0_EN": "Philippines (the)",
        "ADM0_PCODE": "PH",
        "date": "2022-11-09",
        "validOn": "2023-11-06",
        "validTo": null,
        "ADM3_REF": null,
        "ADM3ALT1EN": null,
        "Shape_Leng": 0.804198974607,
        "Shape_Area": 0.0240161011665,
        "AREA_SQKM": 290.904983965,
        "psgc_id": "PH0730600",
        "psgc_code": "0730600000",
        "psgc_name": "City of Cebu",
        "psgc_status": "matched",
        "match_confidence": 1.0,
        "psgc_type": "highly_urbanized_city",
        "match_method": "exact",
        "namria_adm2_pcode": "PH07022",
        "region": "Region VII (Central Visayas)",
        "province": null
      },
      "geometry": {
        "type": "MultiPolygon",
        "coordinates": [
          [
            [
              [
                123.89187304400002,
                10.491925451000043
              ],
              [
                123.91372234200003,
                10.485117247000062
              ],
              [
                123.92509629900007,
                10.472554287000037
              ],
              [
                123.92679833000011,
                10.370802626000057
              ],
              [
                123.9129345670001,
                10.339720890000024
              ],
              [
                123.9221307470001,
                10.33331382800003
              ],
              [
                123.91866213300011,
                10.314803733000076
              ],
              [
                123.9258398830001,
                10.310380561000045
              ],
              [
                123.90912403900006,
                10.29209867000003
              ],
              [
                123.88546045500004,
                10.289363234000064
              ],
              [
                123.87516837300007,
                10.258251353000048
              ],
              [
                123.85852719500008,
                10.258822897000073
              ],
              [
                123.84210708100011,
                10.280617190000044
              ],
              [
                123.8302957840001,
                10.284597957000074
              ],
              [
                123.81592383400005,
                10.32936311700007
              ],
              [
                123.79152620900004,
                10.338238672000045
              ],
              [
                123.7890121690001,
                10.329773672000044
              ],
              [
                123.77585622900006,
                10.327592970000069
              ],
              [
                123.769706788,
                10.386250587000063
              ],
              [
                123.80875481600003,
                10.436807692000059
              ],
              [
                123.83868710500008,
                10.454754561000072
              ],
              [
                123.86708097300004,
                10.488325346000067
              ],
              [
                123.89187304400002,
                10.491925451000043
              ]
            ]
          ],
          [
            [
              [
                123.90667724600007,
                10.279724121000072
              ],
              [
                123.90429687500011,
                10.277526856000065
              ],
              [
                123.90551757800006,
                10.280883790000075
              ],
              [
                123.90667724600007,
                10.279724121000072
              ]
            ]
          ],
          [
            [
              [
                123.90447998000002,
                10.274475098000039
              ],
              [
                123.90332031300011,
                10.272094727000024
              ],
              [
                123.90368652300003,
                10.274719238000046
              ],
              [
                123.90447998000002,
                10.274475098000039
              ]
            ]
          ]
        ]
      }
    },
    {
      "type": "Feature",
      "properties": {
        "ADM3_EN": "Lapu-Lapu City (Opon)",
        "ADM3_PCODE": "PH0702226",
        "ADM2_EN": "Cebu",
        "ADM2_PCODE": "PH07022",
        "ADM1_EN": "Region VII (Central Visayas)",
        "ADM1_PCODE": "PH07",
        "ADM0_EN": "Philippines (the)",
        "ADM0_PCODE": "PH",
        "date": "2022-11-09",
        "validOn": "2023-11-06",
        "validTo": null,
        "ADM3_REF": null,
        "ADM3ALT1EN": "Opon",
        "Shape_Leng": 1.49326783705,
        "Shape_Area": 0.00555727347995,
        "AREA_SQKM": 67.3340899534,
        "psgc_id": "PH0731100",
        "psgc_code": "0731100000",
        "psgc_name": "City of Lapu-Lapu",
        "psgc_status": "fuzzy",
        "match_confidence": 1.0,
        "psgc_type": "highly_urbanized_city",
        "match_method": "fuzzy",
        "namria_adm2_pcode": "PH07022",
        "region": "Region VII (Central Visayas)",
        "province": null
      },
      "geometry": {
        "type": "MultiPolygon",
        "coordinates": [
          [
            [
              [
                123.97192830100005,
                10.253869690000045
              ],
              [
                123.95461097100008,
                10.27998763100004
              ],
              [
                123.93933688900006,
                10.265453475000072
              ],
              [
                123.92686419300003,
                10.264108278000037
              ],
              [
                123.92414185700011,
                10.280077859000073
              ],
              [
                123.9345979410001,
                10.291624092000063
              ],
              [
                123.93068410800004,
                10.29366675600005
              ],
              [
                123.92310575300007,
                10.294708623000076
              ],
              [
                123.9229616020001,
                10.29517032900003
              ],
              [
                123.93029376800007,
                10.29390790900004
              ],
              [
                123.93413319400008,
                10.292560182000045
              ],
              [
                123.937526606,
                10.306569363000051
              ],
              [
                123.98498948000008,
                10.333786304000057
              ],
              [
                124.0086180620001,
                10.311977332000026
              ],
              [
                124.04536733700002,
                10.333840652000049
              ],
              [
                124.007388751,
                10.286963625000055
              ],
              [
                123.98950597900011,
                10.278059982000059
              ],
              [
                123.9836561840001,
                10.25859351400004
              ],
              [
                123.97192830100005,
                10.253869690000045
              ]
            ]
          ],
          [
            [
              [
                124.06971672000009,
                10.288827438000055
              ],
              [
                124.07380669100007,
                10.281026814000029
              ],
              [
                124.05459844900008,
                10.237325784000063
              ],
              [
                124.04945991400007,
                10.256170442000041
              ],
              [
                124.0407324140001,
                10.25531843400006
              ],
              [
                124.0464861700001,
                10.249568643000032
              ],
              [
                124.0469345890001,
                10.24424663600007
              ],
              [
                124.04367051800011,
                10.240766760000042
              ],
              [
                124.02777432100004,
                10.242287942000075
              ],
              [
                124.0324879420001,
                10.253020840000033
              ],
              [
                124.01963498400005,
                10.241527846000054
              ],
              [
                124.02983694800002,
                10.258940745000075
              ],
              [
                124.04784116000008,
                10.267128441000068
              ],
              [
                124.04211754500011,
                10.273119352000037
              ],
              [
                124.04086772300002,
                10.274538902000074
              ],
              [
                124.04086977700001,
                10.274704136000025
              ],
              [
                124.05517434800004,
                10.268558644000052
              ],
              [
                124.0467451930001,
                10.276802773000043
              ],
              [
                124.06971672000009,
                10.288827438000055
              ]
            ]
          ],
          [
            [
              [
                124.17222604100004,
                10.285319179000055
              ],
              [
                124.1785278320001,
                10.287109375000057
              ],
              [
                124.17871093700012,
                10.286071777000075
              ],
              [
                124.17222604100004,
                10.285319179000055
              ]
            ]
          ],
          [
            [
              [
                124.16846294900006,
                10.276865249000025
              ],
              [
                124.16931152400002,
                10.279907227000024
              ],
              [
                124.17098174300008,
                10.27687975200007
              ],
              [
                124.16846294900006,
                10.276865249000025
              ]
            ]
          ],
          [
            [
              [
                123.9172973630001,
                10.278076172000056
              ],
              [
                123.915527343,
                10.279724121000072
              ],
              [
                123.9163208010001,
                10.279724121000072
              ],
              [
                123.9172973630001,
                10.278076172000056
              ]
            ]
          ],
          [
            [
              [
                124.0271191280001,
                10.247178065000071
              ],
              [
                124.02650063500005,
                10.247069186000033
              ],
              [
                124.02791455900001,
                10.24808670300007
              ],
              [
                124.0271191280001,
                10.247178065000071
              ]
            ]
          ],
          [
            [
              [
                124.02700528800005,
                10.243666904000065
              ],
              [
                124.02674613600004,
                10.244185627000036
              ],
              [
                124.02699812000003,
                10.244370851000042
              ],
              [
                124.02700528800005,
                10.243666904000065
              ]
            ]
          ],
          [
            [
              [
                124.02677940100011,
                10.24378662600003
              ],
              [
                124.02643184800002,
                10.243644161000077
              ],
              [
                124.02657089500008,
                10.243951946000038
              ],
              [
                124.02677940100011,
                10.24378662600003
              ]
            ]
          ],
          [
            [
              [
                124.04626509800005,
                10.22993933400005
              ],
              [
                124.0480176960001,
                10.243747934000055
              ],
              [
                124.04951936400005,
                10.236430829000028
              ],
              [
                124.05298841900003,
                10.234483649000026
              ],
              [
                124.04626509800005,
                10.22993933400005
              ]
            ]
          ],
          [
            [
              [
                124.02694504200008,
                10.24278395500005
              ],
              [
                124.0265104660001,
                10.241280632000041
              ],
              [
                124.0263439690001,
                10.241577047000021
              ],
              [
                124.02694504200008,
                10.24278395500005
              ]
            ]
          ],
          [
            [
              [
                124.02832758600005,
                10.236970435000046
              ],
              [
                124.0245103200001,
                10.237757070000043
              ],
              [
                124.02528527600009,
                10.238612656000043
              ],
              [
                124.02832758600005,
                10.236970435000046
              ]
            ]
          ],
          [
            [
              [
                124.01180629200007,
                10.23756626200003
              ],
              [
                124.01063358600004,
                10.236319262000052
              ],
              [
                124.01102187100003,
                10.238318518000028
              ],
              [
                124.01180629200007,
                10.23756626200003
              ]
            ]
          ],
          [
            [
              [
                124.05044133500007,
                10.236843330000056
              ],
              [
                124.050027483,
                10.23688154000007
              ],
              [
                124.0502429930001,
                10.237174369000059
              ],
              [
                124.05044133500007,
                10.236843330000056
              ]
            ]
          ],
          [
            [
              [
                124.03465925400008,
                10.236077857000055
              ],
              [
                124.02851087800002,
                10.234670727000037
              ],
              [
                124.02943095800003,
                10.236995720000039
              ],
              [
                124.03465925400008,
                10.236077857000055
              ]
            ]
          ],
          [
            [
              [
                124.04055144800009,
                10.232333295000046
              ],
              [
                124.03626347300008,
                10.230901329000062
              ],
              [
                124.03959869300002,
                10.233801209000035
              ],
              [
                124.04055144800009,
                10.232333295000046
              ]
            ]
          ],
          [
            [
              [
                124.04410625100002,
                10.224622237000062
              ],
              [
                124.04362100100002,
                10.227893280000046
              ],
              [
                124.04658393800003,
                10.225967426000068
              ],
              [
                124.04410625100002,
                10.224622237000062
              ]
            ]
          ],
          [
            [
              [
                124.04282611300005,
                10.21705376400007
              ],
              [
                124.03497606400003,
                10.216837620000035
              ],
              [
                124.03860115100008,
                10.226426117000074
              ],
              [
                124.03834937500005,
                10.224718470000028
              ],
              [
                124.04282611300005,
                10.21705376400007
              ]
            ]
          ],
          [
            [
              [
                124.04058971100005,
                10.223286287000064
              ],
              [
                124.04475277600011,
                10.222565256000053
              ],
              [
                124.044487849,
                10.220083661000047
              ],
              [
                124.04058971100005,
                10.223286287000064
              ]
            ]
          ],
          [
            [
              [
                124.04231499900004,
                10.221129079000036
              ],
              [
                124.04192041400006,
                10.220608048000031
              ],
              [
                124.04109863500003,
                10.220600718000071
              ],
              [
                124.04231499900004,
                10.221129079000036
              ]
            ]
          ],
          [
            [
              [
                124.02132803900008,
                10.202480404000028
              ],
              [
                124.01770556300005,
                10.202536760000044
              ],
              [
                124.01752667700009,
                10.203856951000034
              ],
              [
                124.02132803900008,
                10.202480404000028
              ]
            ]
          ]
        ]
      }
    },
    {
      "type": "Feature",
      "properties": {
        "ADM3_EN": "Mandaue City",
        "ADM3_PCODE": "PH0702230",
        "ADM2_EN": "Cebu",
        "ADM2_PCODE": "PH07022",
        "ADM1_EN": "Region VII (Central Visayas)",
        "ADM1_PCODE": "PH07",
        "ADM0_EN": "Philippines (the)",
        "ADM0_PCODE": "PH",
        "date": "2022-11-09",
        "validOn": "2023-11-06",
        "validTo": null,
        "ADM3_REF": null,
        "ADM3ALT1EN": null,
        "Shape_Leng": 0.337483497762,
        "Shape_Area": 0.00256936708241,
        "AREA_SQKM": 31.1258115931,
        "psgc_id": "PH0731300",
        "psgc_code": "0731300000",
        "psgc_name": "City of Mandaue",
        "psgc_status": "matched",
        "match_confidence": 1.0,
        "psgc_type": "highly_urbanized_city",
        "match_method": "exact",
        "namria_adm2_pcode": "PH07022",
        "region": "Region VII (Central Visayas)",
        "province": null
      },
      "geometry": {
        "type": "Polygon",
        "coordinates": [
          [
            [
              123.95663711500004,
              10.370999096000048
            ],
            [
              123.9757958030001,
              10.342974909000077
            ],
            [
              123.96996137500003,
              10.33138569600004
            ],
            [
              123.92867126800002,
              10.311091162000025
            ],
            [
              123.91875088900008,
              10.314645944000063
            ],
            [
              123.9221307470001,
              10.33331382800003
            ],
            [
              123.9129345670001,
              10.339720890000024
            ],
            [
              123.92577062600003,
              10.36193750600006
            ],
            [
              123.92414590700002,
              10.389812731000063
            ],
            [
              123.94336287200008,
              10.367269923000038
            ],
            [
              123.95663711500004,
              10.370999096000048
            ]
          ]
        ]
      }
    },
    {
      "type": "Feature",
      "properties": {
        "ADM3_EN": "Tacloban City (Capital)",
        "ADM3_PCODE": "PH0803747",
        "ADM2_EN": "Leyte",
        "ADM2_PCODE": "PH08037",
        "ADM1_EN": "Region VIII (Eastern Visayas)",
        "ADM1_PCODE": "PH08",
        "ADM0_EN": "Philippines (the)",
        "ADM0_PCODE": "PH",
        "date": "2022-11-09",
        "validOn": "2023-11-06",
        "validTo": null,
        "ADM3_REF": null,
        "ADM3ALT1EN": null,
        "Shape_Leng": 0.924824499994,
        "Shape_Area": 0.00877502184797,
        "AREA_SQKM": 105.983264116,
        "psgc_id": "PH0831600",
        "psgc_code": "0831600000",
        "psgc_name": "City of Tacloban",
        "psgc_status": "matched",
        "match_confidence": 1.0,
        "psgc_type": "highly_urbanized_city",
        "match_method": "exact",
        "namria_adm2_pcode": "PH08037",
        "region": "Region VIII (Eastern Visayas)",
        "province": null
      },
      "geometry": {
        "type": "MultiPolygon",
        "coordinates": [
          [
            [
              [
                124.96783362400004,
                11.35351070400003
              ],
              [
                124.96422522500006,
                11.272324983000033
              ],
              [
                124.97911125300004,
                11.252450833000069
              ],
              [
                124.98682131500004,
                11.260865985000066
              ],
              [
                124.99901247900004,
                11.246202312000037
              ],
              [
                125.00812479800004,
                11.251744
              ],
              [
                125.00484307600004,
                11.220948626000052
              ],
              [
                125.01969831400004,
                11.20784181700003
              ],
              [
                125.0212147520001,
                11.236539065000045
              ],
              [
                125.03076037400001,
                11.238562091000063
              ],
              [
                125.01948367300008,
                11.186681876000023
              ],
              [
                124.98823935000007,
                11.191058459000033
              ],
              [
                124.98837125500006,
                11.211477372000047
              ],
              [
                124.97688398100001,
                11.225322567000035
              ],
              [
                124.94789609200006,
                11.22685656300007
              ],
              [
                124.93687818100011,
                11.236302618000025
              ],
              [
                124.93857551000008,
                11.251521384000057
              ],
              [
                124.92872398000009,
                11.255310434000023
              ],
              [
                124.91619885300008,
                11.245289382000067
              ],
              [
                124.89608121600008,
                11.25881047200005
              ],
              [
                124.92193667400011,
                11.275830989000042
              ],
              [
                124.8875669570001,
                11.317554073000053
              ],
              [
                124.96783362400004,
                11.35351070400003
              ]
            ]
          ],
          [
            [
              [
                124.97680372900004,
                11.340974130000063
              ],
              [
                124.97544518600012,
                11.338836902000025
              ],
              [
                124.97646851400009,
                11.34122366300005
              ],
              [
                124.97680372900004,
                11.340974130000063
              ]
            ]
          ],
          [
            [
              [
                124.97332267700006,
                11.336920159000044
              ],
              [
                124.97529106200011,
                11.33735521500006
              ],
              [
                124.97357206600009,
                11.336336566000057
              ],
              [
                124.97332267700006,
                11.336920159000044
              ]
            ]
          ],
          [
            [
              [
                125.0474752230001,
                11.215196769000045
              ],
              [
                125.0463047610001,
                11.217652117000057
              ],
              [
                125.04824210400011,
                11.214997740000058
              ],
              [
                125.0474752230001,
                11.215196769000045
              ]
            ]
          ]
        ]
      }
    },
    {
      "type": "Feature",
      "properties": {
        "ADM3_EN": "Zamboanga City",
        "ADM3_PCODE": "PH0907332",
        "ADM2_EN": "Zamboanga del Sur",
        "ADM2_PCODE": "PH09073",
        "ADM1_EN": "Region IX (Zamboanga Peninsula)",
        "ADM1_PCODE": "PH09",
        "ADM0_EN": "Philippines (the)",
        "ADM0_PCODE": "PH",
        "date": "2022-11-09",
        "validOn": "2023-11-06",
        "validTo": null,
        "ADM3_REF": null,
        "ADM3ALT1EN": null,
        "Shape_Leng": 4.71951162577,
        "Shape_Area": 0.122560030019,
        "AREA_SQKM": 1497.15480368,
        "psgc_id": "PH0931700",
        "psgc_code": "0931700000",
        "psgc_name": "City of Zamboanga",
        "psgc_status": "matched",
        "match_confidence": 1.0,
        "psgc_type": "highly_urbanized_city",
        "match_method": "exact",
        "namria_adm2_pcode": "PH09073",
        "region": "Region IX (Zamboanga Peninsula)",
        "province": null
      },
      "geometry": {
        "type": "MultiPolygon",
        "coordinates": [
          [
            [
              [
                122.05140213800007,
                6.868650278000075
              ],
              [
                122.06458823600008,
                6.871934372000055
              ],
              [
                122.0735527600001,
                6.862475968000069
              ],
              [
                122.05967484400003,
                6.858353478000026
              ],
              [
                122.05140213800007,
                6.868650278000075
              ]
            ]
          ],
          [
            [
              [
                122.29871257000002,
                6.873486895000042
              ],
              [
                122.29957973600006,
                6.875257139000041
              ],
              [
                122.30025921000004,
                6.874563677000026
              ],
              [
                122.29871257000002,
                6.873486895000042
              ]
            ]
          ],
          [
            [
              [
                122.03627643700008,
                6.884843205000038
              ],
              [
                122.04010954000012,
                6.885372166000025
              ],
              [
                122.05045810900003,
                6.883350264000057
              ],
              [
                122.03627643700008,
                6.884843205000038
              ]
            ]
          ],
          [
            [
              [
                122.13585120300002,
                6.880897687000072
              ],
              [
                122.15999740600012,
                6.888776664000034
              ],
              [
                122.15699442800008,
                6.884406197000033
              ],
              [
                122.15783338800009,
                6.882592954000074
              ],
              [
                122.15590546600004,
                6.88117993700007
              ],
              [
                122.13585120300002,
                6.880897687000072
              ]
            ]
          ],
          [
            [
              [
                122.27962427900002,
                6.893523071000061
              ],
              [
                122.29037913000002,
                6.887860104000026
              ],
              [
                122.29400309300001,
                6.87111049300006
              ],
              [
                122.27348984100001,
                6.882440710000026
              ],
              [
                122.27962427900002,
                6.893523071000061
              ]
            ]
          ],
          [
            [
              [
                122.16282210400004,
                6.894665374000056
              ],
              [
                122.16945271500003,
                6.892528826000046
              ],
              [
                122.16737491000004,
                6.886902619000068
              ],
              [
                122.16282210400004,
                6.894665374000056
              ]
            ]
          ],
          [
            [
              [
                122.16116755900009,
                6.916627781000045
              ],
              [
                122.1628166480001,
                6.912927074000038
              ],
              [
                122.15608639300001,
                6.910204084000043
              ],
              [
                122.16116755900009,
                6.916627781000045
              ]
            ]
          ],
          [
            [
              [
                122.17939582100007,
                6.912501934000034
              ],
              [
                122.18386155900009,
                6.91683686600004
              ],
              [
                122.18418222900004,
                6.914724068000055
              ],
              [
                122.17939582100007,
                6.912501934000034
              ]
            ]
          ],
          [
            [
              [
                122.32406680100007,
                6.955811574000052
              ],
              [
                122.32831352700009,
                6.95299985500003
              ],
              [
                122.3236144980001,
                6.953517955000052
              ],
              [
                122.32406680100007,
                6.955811574000052
              ]
            ]
          ],
          [
            [
              [
                122.35570975700011,
                6.983661651000034
              ],
              [
                122.35771084500004,
                6.982131246000051
              ],
              [
                122.35528637900006,
                6.98302331900004
              ],
              [
                122.35570975700011,
                6.983661651000034
              ]
            ]
          ],
          [
            [
              [
                122.35616011000002,
                6.988810310000076
              ],
              [
                122.35767759400005,
                6.988108686000032
              ],
              [
                122.35476506900011,
                6.986477661000038
              ],
              [
                122.35455741400006,
                6.976769068000067
              ],
              [
                122.34730541400006,
                6.978440993000049
              ],
              [
                122.35616011000002,
                6.988810310000076
              ]
            ]
          ],
          [
            [
              [
                122.27244269700009,
                6.999375243000031
              ],
              [
                122.2856684300001,
                6.97831472300004
              ],
              [
                122.27270634600006,
                6.957637933000058
              ],
              [
                122.26414830800002,
                6.953400073000068
              ],
              [
                122.2407613690001,
                6.962508627000034
              ],
              [
                122.243128092,
                6.95375421500006
              ],
              [
                122.20792433400004,
                6.937478285000054
              ],
              [
                122.20605816400007,
                6.92666226800003
              ],
              [
                122.19909790100007,
                6.919244508000077
              ],
              [
                122.19372501200007,
                6.927750916000036
              ],
              [
                122.2022605630001,
                6.938964954000028
              ],
              [
                122.19859989200006,
                6.953443961000062
              ],
              [
                122.20961762900004,
                6.956054636000033
              ],
              [
                122.21414691300004,
                6.979905748000022
              ],
              [
                122.22307829500005,
                6.978318477000073
              ],
              [
                122.22895355300011,
                6.991334454000025
              ],
              [
                122.24051590900001,
                6.992364050000049
              ],
              [
                122.24157178400003,
                6.98385789200006
              ],
              [
                122.24443573500002,
                6.991822096000021
              ],
              [
                122.27244269700009,
                6.999375243000031
              ]
            ]
          ],
          [
            [
              [
                122.25057463500002,
                7.10231566300007
              ],
              [
                122.25376028800008,
                7.098928891000071
              ],
              [
                122.25226076400008,
                7.098274657000047
              ],
              [
                122.25057463500002,
                7.10231566300007
              ]
            ]
          ],
          [
            [
              [
                122.269401549,
                7.118359281000039
              ],
              [
                122.27097355,
                7.118534244000045
              ],
              [
                122.26967585900002,
                7.117091290000076
              ],
              [
                122.269401549,
                7.118359281000039
              ]
            ]
          ],
          [
            [
              [
                122.27139065400002,
                7.119510867000031
              ],
              [
                122.27234445900001,
                7.119372443000032
              ],
              [
                122.27240164700004,
                7.119077504000074
              ],
              [
                122.27139065400002,
                7.119510867000031
              ]
            ]
          ],
          [
            [
              [
                122.27059002100009,
                7.120533802000068
              ],
              [
                122.27113181800007,
                7.120910072000072
              ],
              [
                122.27099101800002,
                7.120363387000054
              ],
              [
                122.27059002100009,
                7.120533802000068
              ]
            ]
          ],
          [
            [
              [
                122.27140144100008,
                7.124737067000069
              ],
              [
                122.27516746600008,
                7.125084638000033
              ],
              [
                122.27465711500008,
                7.123692554000058
              ],
              [
                122.27140144100008,
                7.124737067000069
              ]
            ]
          ],
          [
            [
              [
                122.26084828300009,
                7.131623877000038
              ],
              [
                122.26297045800004,
                7.130804097000066
              ],
              [
                122.26249858200003,
                7.129103959000076
              ],
              [
                122.26084828300009,
                7.131623877000038
              ]
            ]
          ],
          [
            [
              [
                122.26594102700005,
                7.132484248000026
              ],
              [
                122.27115390600011,
                7.131845776000034
              ],
              [
                122.2686048490001,
                7.127522437000039
              ],
              [
                122.26594102700005,
                7.132484248000026
              ]
            ]
          ],
          [
            [
              [
                122.2583020730001,
                7.136571482000022
              ],
              [
                122.25870762900001,
                7.136775367000041
              ],
              [
                122.25855858800003,
                7.136423622000052
              ],
              [
                122.2583020730001,
                7.136571482000022
              ]
            ]
          ],
          [
            [
              [
                122.25449311200009,
                7.134345278000069
              ],
              [
                122.25734573900002,
                7.134415471000068
              ],
              [
                122.25585145600007,
                7.132716516000073
              ],
              [
                122.25449311200009,
                7.134345278000069
              ]
            ]
          ],
          [
            [
              [
                122.2536279410001,
                7.138605786000028
              ],
              [
                122.25480847400001,
                7.138857719000043
              ],
              [
                122.2546268320001,
                7.137952442000028
              ],
              [
                122.2536279410001,
                7.138605786000028
              ]
            ]
          ],
          [
            [
              [
                122.25554776500007,
                7.138286502000028
              ],
              [
                122.25893921000011,
                7.138371543000062
              ],
              [
                122.25839527700009,
                7.137332141000059
              ],
              [
                122.25554776500007,
                7.138286502000028
              ]
            ]
          ],
          [
            [
              [
                122.26116282100008,
                7.148527124000054
              ],
              [
                122.26606153900002,
                7.149683318000029
              ],
              [
                122.26196913800004,
                7.144940124000073
              ],
              [
                122.26116282100008,
                7.148527124000054
              ]
            ]
          ],
          [
            [
              [
                122.27060648300005,
                7.15497375800004
              ],
              [
                122.27409092900007,
                7.155359444000055
              ],
              [
                122.27337814600003,
                7.150282478000065
              ],
              [
                122.27060648300005,
                7.15497375800004
              ]
            ]
          ],
          [
            [
              [
                122.28705835400001,
                7.171379195000043
              ],
              [
                122.28840308300005,
                7.169729145000076
              ],
              [
                122.28625718300009,
                7.169641241000022
              ],
              [
                122.28705835400001,
                7.171379195000043
              ]
            ]
          ],
          [
            [
              [
                122.27036347900003,
                7.172227430000021
              ],
              [
                122.27564873400001,
                7.162726902000031
              ],
              [
                122.26668230100006,
                7.164746295000043
              ],
              [
                122.27036347900003,
                7.172227430000021
              ]
            ]
          ],
          [
            [
              [
                122.2891962010001,
                7.174599717000035
              ],
              [
                122.28851725200002,
                7.174554908000061
              ],
              [
                122.28883840000003,
                7.175039659000049
              ],
              [
                122.2891962010001,
                7.174599717000035
              ]
            ]
          ],
          [
            [
              [
                122.28261218700004,
                7.175450347000037
              ],
              [
                122.28788445000009,
                7.174212012000055
              ],
              [
                122.28537999600007,
                7.171661251000046
              ],
              [
                122.28261218700004,
                7.175450347000037
              ]
            ]
          ],
          [
            [
              [
                122.26699111900007,
                7.178711900000053
              ],
              [
                122.27104432300007,
                7.178622011000073
              ],
              [
                122.267282281,
                7.176529788000039
              ],
              [
                122.26699111900007,
                7.178711900000053
              ]
            ]
          ],
          [
            [
              [
                122.31096074600009,
                7.314116170000034
              ],
              [
                122.31876837900006,
                7.311501114000066
              ],
              [
                122.30962411300004,
                7.307570105000025
              ],
              [
                122.31096074600009,
                7.314116170000034
              ]
            ]
          ],
          [
            [
              [
                122.32301731100006,
                7.318509667000058
              ],
              [
                122.32589593800003,
                7.319029374000024
              ],
              [
                122.3264534650001,
                7.318000519000066
              ],
              [
                122.32301731100006,
                7.318509667000058
              ]
            ]
          ],
          [
            [
              [
                122.32717495600002,
                7.319002127000033
              ],
              [
                122.3285284000001,
                7.319538822000027
              ],
              [
                122.32849792800005,
                7.318728878000059
              ],
              [
                122.32717495600002,
                7.319002127000033
              ]
            ]
          ],
          [
            [
              [
                122.4094848630001,
                7.355895997000061
              ],
              [
                122.40808105400004,
                7.354919434000067
              ],
              [
                122.40808105400004,
                7.356689453000058
              ],
              [
                122.4094848630001,
                7.355895997000061
              ]
            ]
          ],
          [
            [
              [
                122.40570068400007,
                7.362304688000052
              ],
              [
                122.40429687500011,
                7.35968017600004
              ],
              [
                122.40472412100007,
                7.363098144000048
              ],
              [
                122.40570068400007,
                7.362304688000052
              ]
            ]
          ],
          [
            [
              [
                122.4295043950001,
                7.387695313000052
              ],
              [
                122.42749023400006,
                7.38647461000005
              ],
              [
                122.42889404300001,
                7.388122559000067
              ],
              [
                122.4295043950001,
                7.387695313000052
              ]
            ]
          ],
          [
            [
              [
                122.38740598900006,
                7.395463792000044
              ],
              [
                122.38860760800003,
                7.395236207000039
              ],
              [
                122.38748078300011,
                7.394079337000051
              ],
              [
                122.38740598900006,
                7.395463792000044
              ]
            ]
          ],
          [
            [
              [
                122.40192057700006,
                7.396977431000039
              ],
              [
                122.40209960900006,
                7.39288330100004
              ],
              [
                122.40008544900002,
                7.393920898000033
              ],
              [
                122.40192057700006,
                7.396977431000039
              ]
            ]
          ],
          [
            [
              [
                122.36991711000007,
                7.406937054000025
              ],
              [
                122.37330294900005,
                7.403678266000043
              ],
              [
                122.37011900800007,
                7.40436870800005
              ],
              [
                122.36991711000007,
                7.406937054000025
              ]
            ]
          ],
          [
            [
              [
                122.37004449300002,
                7.412427433000062
              ],
              [
                122.37381335300006,
                7.410043508000058
              ],
              [
                122.3706129410001,
                7.408193607000044
              ],
              [
                122.37004449300002,
                7.412427433000062
              ]
            ]
          ],
          [
            [
              [
                122.35279022200007,
                7.456959874000063
              ],
              [
                122.34351194500005,
                7.425088998000035
              ],
              [
                122.35388046900005,
                7.413497955000025
              ],
              [
                122.34337360000006,
                7.39658911600003
              ],
              [
                122.35735176900005,
                7.40170405300006
              ],
              [
                122.39347030800002,
                7.390385279000043
              ],
              [
                122.36429547400007,
                7.335173608000048
              ],
              [
                122.34021969300011,
                7.313745187000052
              ],
              [
                122.32547042400006,
                7.306760875000066
              ],
              [
                122.33689348100006,
                7.323291915000027
              ],
              [
                122.32863448500007,
                7.330462265000051
              ],
              [
                122.31101650000005,
                7.318938723000031
              ],
              [
                122.31714967700009,
                7.335579805000066
              ],
              [
                122.30803819000005,
                7.329399012000067
              ],
              [
                122.30124990200011,
                7.335352307000051
              ],
              [
                122.29190018800011,
                7.325375536000024
              ],
              [
                122.29449354400003,
                7.303948285000047
              ],
              [
                122.29016268100008,
                7.277361108000036
              ],
              [
                122.27991549900003,
                7.264224589000037
              ],
              [
                122.27978474800011,
                7.230860643000028
              ],
              [
                122.26679933100002,
                7.228650090000031
              ],
              [
                122.26290109700005,
                7.204068081000059
              ],
              [
                122.25699610000004,
                7.208803269000043
              ],
              [
                122.24765272500008,
                7.206260497000073
              ],
              [
                122.25417484000002,
                7.195731232000071
              ],
              [
                122.26516364200006,
                7.194533041000057
              ],
              [
                122.2460334000001,
                7.187997383000038
              ],
              [
                122.24865488300009,
                7.16964964500005
              ],
              [
                122.26036087200009,
                7.159707747000027
              ],
              [
                122.24305298500008,
                7.131382409000025
              ],
              [
                122.25683584800004,
                7.128035375000024
              ],
              [
                122.25092422600005,
                7.11639980800004
              ],
              [
                122.25688127400008,
                7.111316802000033
              ],
              [
                122.234518707,
                7.083448277000059
              ],
              [
                122.226696392,
                7.086105301000032
              ],
              [
                122.21269078600005,
                7.067748055000038
              ],
              [
                122.20412061900004,
                7.068335755000021
              ],
              [
                122.21264027100005,
                7.05740008600003
              ],
              [
                122.203036042,
                7.048545862000026
              ],
              [
                122.21237520500006,
                7.046032740000044
              ],
              [
                122.19784036300007,
                7.039634575000036
              ],
              [
                122.21182259800003,
                7.034285158000046
              ],
              [
                122.19199621400003,
                7.003206299000055
              ],
              [
                122.18511164000006,
                6.952391325000065
              ],
              [
                122.16898769900001,
                6.935305784000036
              ],
              [
                122.15038593300005,
                6.929396737000047
              ],
              [
                122.15961523200008,
                6.928593627000055
              ],
              [
                122.15357585600009,
                6.920809849000022
              ],
              [
                122.15922114900002,
                6.916042091000065
              ],
              [
                122.11268679300008,
                6.888271473000032
              ],
              [
                122.02078112700008,
                6.922317231000022
              ],
              [
                121.97343786500005,
                6.955098730000032
              ],
              [
                121.96323746500002,
                6.95337614400006
              ],
              [
                121.96472001300003,
                6.946922890000053
              ],
              [
                121.94820730600009,
                6.955813865000039
              ],
              [
                121.92319495700008,
                6.988349975000062
              ],
              [
                121.89848513000004,
                7.074208619000046
              ],
              [
                121.90360666000004,
                7.149292277000029
              ],
              [
                121.91033749300004,
                7.153479566000044
              ],
              [
                121.92580579600008,
                7.139034716000026
              ],
              [
                121.9473505310001,
                7.150126059000058
              ],
              [
                122.07638888800011,
                7.149999999000045
              ],
              [
                122.09482637400004,
                7.164541586000041
              ],
              [
                122.09495750400004,
                7.181303358000036
              ],
              [
                122.13640758300005,
                7.219264487000032
              ],
              [
                122.14643304800006,
                7.266338267000037
              ],
              [
                122.16104210700007,
                7.261429623000026
              ],
              [
                122.17735079700003,
                7.272901794000063
              ],
              [
                122.18084260100011,
                7.281842348000055
              ],
              [
                122.15990795200003,
                7.345544288000042
              ],
              [
                122.16058501600003,
                7.366221793000022
              ],
              [
                122.18876384600003,
                7.430569428000069
              ],
              [
                122.2171557470001,
                7.443884250000053
              ],
              [
                122.23725267200007,
                7.477232975000049
              ],
              [
                122.25609656300003,
                7.484447055000032
              ],
              [
                122.28289174300005,
                7.513734338000063
              ],
              [
                122.31004290800001,
                7.474818934000041
              ],
              [
                122.35279022200007,
                7.456959874000063
              ]
            ]
          ]
        ]
      }
    },
    {
      "type": "Feature",
      "properties": {
        "ADM3_EN": "City of Isabela",
        "ADM3_PCODE": "PH0909701",
        "ADM2_EN": "City of Isabela (not a province)",
        "ADM2_PCODE": "PH09097",
        "ADM1_EN": "Region IX (Zamboanga Peninsula)",
        "ADM1_PCODE": "PH09",
        "ADM0_EN": "Philippines (the)",
        "ADM0_PCODE": "PH",
        "date": "2022-11-09",
        "validOn": "2023-11-06",
        "validTo": null,
        "ADM3_REF": null,
        "ADM3ALT1EN": null,
        "Shape_Leng": 1.23103306429,
        "Shape_Area": 0.0179801989504,
        "AREA_SQKM": 219.869683721,
        "psgc_id": "PH09901",
        "psgc_code": null,
        "psgc_name": null,
        "psgc_status": "mapped-no-psgc",
        "match_confidence": null,
        "psgc_type": "highly_urbanized_city",
        "match_method": "huc_map",
        "namria_adm2_pcode": "PH09097",
        "region": "Region IX (Zamboanga Peninsula)",
        "province": null
      },
      "geometry": {
        "type": "MultiPolygon",
        "coordinates": [
          [
            [
              [
                121.94679915000006,
                6.708674177000034
              ],
              [
                121.94340730600004,
                6.709573740000053
              ],
              [
                121.94023469000001,
                6.712363910000022
              ],
              [
                121.94005923300006,
                6.723169606000056
              ],
              [
                121.95243612100012,
                6.743541874000073
              ],
              [
                121.98003769600007,
                6.755123486000059
              ],
              [
                121.99047654700007,
                6.74765708700005
              ],
              [
                121.97647348100008,
                6.735874483000032
              ],
              [
                121.98111108300009,
                6.729259315000036
              ],
              [
                121.97162801900004,
                6.712509083000043
              ],
              [
                121.96569267300004,
                6.708934079000073
              ],
              [
                121.96171181600005,
                6.709021713000027
              ],
              [
                121.96772160700004,
                6.713449382000022
              ],
              [
                121.94271398,
                6.718938477000052
              ],
              [
                121.94138295800008,
                6.711616477000064
              ],
              [
                121.94570734000001,
                6.710388085000034
              ],
              [
                121.94694107900011,
                6.713948497000047
              ],
              [
                121.94706626900006,
                6.714158180000027
              ],
              [
                121.95049064400007,
                6.715411474000064
              ],
              [
                121.94679915000006,
                6.708674177000034
              ]
            ]
          ],
          [
            [
              [
                122.0325893050001,
                6.741121540000051
              ],
              [
                122.03790037800002,
                6.712505753000073
              ],
              [
                122.03145469100002,
                6.710348628000077
              ],
              [
                122.029955,
                6.691791700000067
              ],
              [
                122.03681080000001,
                6.693723900000066
              ],
              [
                122.05126759500001,
                6.675526478000052
              ],
              [
                122.04762770000002,
                6.657631900000069
              ],
              [
                122.03646870000011,
                6.653589700000055
              ],
              [
                122.02683060800007,
                6.616179342000066
              ],
              [
                122.03492514400011,
                6.615837529000032
              ],
              [
                122.04289291400005,
                6.564819979000049
              ],
              [
                121.93648783900005,
                6.564648783000052
              ],
              [
                121.943088052,
                6.615481374000069
              ],
              [
                121.92881620000003,
                6.618551100000047
              ],
              [
                121.9242461770001,
                6.635754591000023
              ],
              [
                121.91634573700003,
                6.638327680000032
              ],
              [
                121.91717787000005,
                6.674741475000076
              ],
              [
                121.92235495000011,
                6.673539847000029
              ],
              [
                121.92877861700003,
                6.66738102100004
              ],
              [
                121.931126145,
                6.666423077000047
              ],
              [
                121.94174554900007,
                6.676486690000047
              ],
              [
                121.94344919800005,
                6.691514033000033
              ],
              [
                121.97018964300003,
                6.704820123000047
              ],
              [
                121.99877015400011,
                6.738519242000052
              ],
              [
                122.01424761100009,
                6.746055249000051
              ],
              [
                122.0325893050001,
                6.741121540000051
              ]
            ]
          ],
          [
            [
              [
                121.99011524900004,
                6.734195735000071
              ],
              [
                121.99222498400002,
                6.736460298000054
              ],
              [
                121.99510123300001,
                6.736206777000064
              ],
              [
                121.99011524900004,
                6.734195735000071
              ]
            ]
          ],
          [
            [
              [
                121.97965516500005,
                6.735993836000034
              ],
              [
                121.98262356700002,
                6.733138863000022
              ],
              [
                121.98397380800009,
                6.732597328000054
              ],
              [
                121.983495102,
                6.730531993000056
              ],
              [
                121.97965516500005,
                6.735993836000034
              ]
            ]
          ],
          [
            [
              [
                121.87488798000004,
                6.687176560000069
              ],
              [
                121.88404680200006,
                6.690673789000073
              ],
              [
                121.8809247480001,
                6.687232743000038
              ],
              [
                121.87488798000004,
                6.687176560000069
              ]
            ]
          ]
        ]
      }
    },
    {
      "type": "Feature",
      "properties": {
        "ADM3_EN": "Iligan City",
        "ADM3_PCODE": "PH1003504",
        "ADM2_EN": "Lanao del Norte",
        "ADM2_PCODE": "PH10035",
        "ADM1_EN": "Region X (Northern Mindanao)",
        "ADM1_PCODE": "PH10",
        "ADM0_EN": "Philippines (the)",
        "ADM0_PCODE": "PH",
        "date": "2022-11-09",
        "validOn": "2023-11-06",
        "validTo": null,
        "ADM3_REF": null,
        "ADM3ALT1EN": null,
        "Shape_Leng": 1.58625693362,
        "Shape_Area": 0.043673316831,
        "AREA_SQKM": 532.186055406,
        "psgc_id": "PH1030900",
        "psgc_code": "1030900000",
        "psgc_name": "City of Iligan",
        "psgc_status": "matched",
        "match_confidence": 1.0,
        "psgc_type": "highly_urbanized_city",
        "match_method": "exact",
        "namria_adm2_pcode": "PH10035",
        "region": "Region X (Northern Mindanao)",
        "province": null
      },
      "geometry": {
        "type": "Polygon",
        "coordinates": [
          [
            [
              124.36979453600009,
              8.320253657000023
            ],
            [
              124.40285590600001,
              8.315251463000038
            ],
            [
              124.44824779200007,
              8.318737222000038
            ],
            [
              124.46070924700007,
              8.326873040000066
            ],
            [
              124.50703357400005,
              8.239915808000035
            ],
            [
              124.52011239600006,
              8.172480796000059
            ],
            [
              124.53569715600008,
              8.160570492000033
            ],
            [
              124.56610644400007,
              8.160823902000061
            ],
            [
              124.56344865900007,
              8.150799981000034
            ],
            [
              124.55245870300007,
              8.144276023000032
            ],
            [
              124.49892875400008,
              8.144089777000033
            ],
            [
              124.48123857000007,
              8.163486510000041
            ],
            [
              124.45554609600003,
              8.132936867000069
            ],
            [
              124.43501488000004,
              8.128414759000066
            ],
            [
              124.40466894700012,
              8.141588292000051
            ],
            [
              124.39575697900011,
              8.153384322000022
            ],
            [
              124.36887539100007,
              8.156649365000021
            ],
            [
              124.35721023200006,
              8.190974906000065
            ],
            [
              124.34567656000002,
              8.196111520000045
            ],
            [
              124.34552210200002,
              8.218462001000034
            ],
            [
              124.28707367100003,
              8.23481632100004
            ],
            [
              124.31016470600002,
              8.205919642000026
            ],
            [
              124.31229297400012,
              8.175254260000031
            ],
            [
              124.29832977500007,
              8.162335527000039
            ],
            [
              124.27509865700006,
              8.16962981100005
            ],
            [
              124.26530024500005,
              8.182410922000031
            ],
            [
              124.256516583,
              8.179255839000064
            ],
            [
              124.25941038200006,
              8.166753017000076
            ],
            [
              124.23587534900003,
              8.163349693000043
            ],
            [
              124.24399060300004,
              8.154720283000074
            ],
            [
              124.22606196700008,
              8.14891915000004
            ],
            [
              124.22590749100004,
              8.159164347000058
            ],
            [
              124.21712884600004,
              8.158951547000072
            ],
            [
              124.20730263100006,
              8.179471532000036
            ],
            [
              124.19527376300005,
              8.176119104000065
            ],
            [
              124.19883911400007,
              8.150752040000043
            ],
            [
              124.17122806800012,
              8.168105987000047
            ],
            [
              124.1664669060001,
              8.186181326000053
            ],
            [
              124.20220022700005,
              8.210494943000072
            ],
            [
              124.21870073600007,
              8.209265704000074
            ],
            [
              124.22986995500003,
              8.217552228000045
            ],
            [
              124.24860616300009,
              8.264213526000049
            ],
            [
              124.2645470120001,
              8.278840167000055
            ],
            [
              124.24720195000009,
              8.331935001000033
            ],
            [
              124.28643547900003,
              8.330000745000063
            ],
            [
              124.30343307400005,
              8.311831809000068
            ],
            [
              124.32793174200003,
              8.327967434000072
            ],
            [
              124.36637374500003,
              8.314602319000073
            ],
            [
              124.36979453600009,
              8.320253657000023
            ]
          ]
        ]
      }
    },
    {
      "type": "Feature",
      "properties": {
        "ADM3_EN": "Cagayan de Oro City (Capital)",
        "ADM3_PCODE": "PH1004305",
        "ADM2_EN": "Misamis Oriental",
        "ADM2_PCODE": "PH10043",
        "ADM1_EN": "Region X (Northern Mindanao)",
        "ADM1_PCODE": "PH10",
        "ADM0_EN": "Philippines (the)",
        "ADM0_PCODE": "PH",
        "date": "2022-11-09",
        "validOn": "2023-11-06",
        "validTo": null,
        "ADM3_REF": null,
        "ADM3ALT1EN": null,
        "Shape_Leng": 1.72185408962,
        "Shape_Area": 0.0415907283658,
        "AREA_SQKM": 506.629964636,
        "psgc_id": "PH1030500",
        "psgc_code": "1030500000",
        "psgc_name": "City of Cagayan De Oro",
        "psgc_status": "matched",
        "match_confidence": 1.0,
        "psgc_type": "highly_urbanized_city",
        "match_method": "exact",
        "namria_adm2_pcode": "PH10043",
        "region": "Region X (Northern Mindanao)",
        "province": null
      },
      "geometry": {
        "type": "Polygon",
        "coordinates": [
          [
            [
              124.75399252400007,
              8.512378886000022
            ],
            [
              124.78839933400002,
              8.51348494900003
            ],
            [
              124.79616637000004,
              8.507613272000071
            ],
            [
              124.79900599500002,
              8.496398287000034
            ],
            [
              124.78466056600007,
              8.480697472000031
            ],
            [
              124.80294577500001,
              8.464117050000027
            ],
            [
              124.79380609900011,
              8.455684012000063
            ],
            [
              124.79839577000007,
              8.44619724000006
            ],
            [
              124.78888945500012,
              8.442748745000074
            ],
            [
              124.79184968700008,
              8.425546736000058
            ],
            [
              124.61900917300011,
              8.422481761000029
            ],
            [
              124.62344178,
              8.400556694000045
            ],
            [
              124.61387232400011,
              8.398917319000077
            ],
            [
              124.61068458700004,
              8.379270215000076
            ],
            [
              124.6173783050001,
              8.366889860000072
            ],
            [
              124.60739054800001,
              8.361692297000047
            ],
            [
              124.60957192400008,
              8.344932619000076
            ],
            [
              124.60078214400005,
              8.340817558000026
            ],
            [
              124.60685171900002,
              8.304296204000025
            ],
            [
              124.59490805000007,
              8.30372634300005
            ],
            [
              124.59279499800004,
              8.28836122100006
            ],
            [
              124.58143336800003,
              8.293465355000023
            ],
            [
              124.58778684600009,
              8.276428101000022
            ],
            [
              124.57915644700006,
              8.259302200000036
            ],
            [
              124.58290409800009,
              8.252506770000025
            ],
            [
              124.5653330240001,
              8.227606855000033
            ],
            [
              124.57149558800006,
              8.213461172000052
            ],
            [
              124.56607925600008,
              8.20349842500002
            ],
            [
              124.57229415300003,
              8.205510927000034
            ],
            [
              124.57773707000001,
              8.190735078000046
            ],
            [
              124.5715760710001,
              8.186370388000057
            ],
            [
              124.5799828590001,
              8.182107771000062
            ],
            [
              124.56705519500008,
              8.160145672000056
            ],
            [
              124.53569715600008,
              8.160570492000033
            ],
            [
              124.52011239600006,
              8.172480796000059
            ],
            [
              124.50703357400005,
              8.239915808000035
            ],
            [
              124.45570326500001,
              8.337892060000058
            ],
            [
              124.46488528900011,
              8.348654034000049
            ],
            [
              124.47026627600007,
              8.341418324000074
            ],
            [
              124.48479528200005,
              8.353475894000042
            ],
            [
              124.48712555800012,
              8.348437623000052
            ],
            [
              124.48983971100006,
              8.360407424000073
            ],
            [
              124.50032565600009,
              8.357797170000026
            ],
            [
              124.49116350200006,
              8.36669482000002
            ],
            [
              124.50135408300002,
              8.375184098000034
            ],
            [
              124.49430613700008,
              8.374067283000045
            ],
            [
              124.51498384400008,
              8.380252874000064
            ],
            [
              124.50748497600011,
              8.389483040000073
            ],
            [
              124.52422690900005,
              8.39688060800006
            ],
            [
              124.52405762500007,
              8.407582257000058
            ],
            [
              124.53698233700004,
              8.408255069000063
            ],
            [
              124.53777481400004,
              8.400903106000044
            ],
            [
              124.54713539900001,
              8.41364302900007
            ],
            [
              124.5569715800001,
              8.412929973000075
            ],
            [
              124.54750243300009,
              8.430518044000053
            ],
            [
              124.55914532800011,
              8.458409888000062
            ],
            [
              124.61388307800007,
              8.521479795000062
            ],
            [
              124.65705869600004,
              8.508713144000069
            ],
            [
              124.65632763200006,
              8.500883853000062
            ],
            [
              124.66241948000004,
              8.507064989000071
            ],
            [
              124.66658692400006,
              8.48360735500006
            ],
            [
              124.69963154900006,
              8.472185739000054
            ],
            [
              124.74016055300001,
              8.492268829000068
            ],
            [
              124.75399252400007,
              8.512378886000022
            ]
          ]
        ]
      }
    },
    {
      "type": "Feature",
      "properties": {
        "ADM3_EN": "Davao City",
        "ADM3_PCODE": "PH1102402",
        "ADM2_EN": "Davao del Sur",
        "ADM2_PCODE": "PH11024",
        "ADM1_EN": "Region XI (Davao Region)",
        "ADM1_PCODE": "PH11",
        "ADM0_EN": "Philippines (the)",
        "ADM0_PCODE": "PH",
        "date": "2022-11-09",
        "validOn": "2023-11-06",
        "validTo": null,
        "ADM3_REF": null,
        "ADM3ALT1EN": null,
        "Shape_Leng": 2.80830728254,
        "Shape_Area": 0.191718467231,
        "AREA_SQKM": 2341.42593985,
        "psgc_id": "PH1130700",
        "psgc_code": "1130700000",
        "psgc_name": "City of Davao",
        "psgc_status": "matched",
        "match_confidence": 1.0,
        "psgc_type": "highly_urbanized_city",
        "match_method": "exact",
        "namria_adm2_pcode": "PH11024",
        "region": "Region XI (Davao Region)",
        "province": null
      },
      "geometry": {
        "type": "Polygon",
        "coordinates": [
          [
            [
              125.5436054380001,
              7.565447
            ],
            [
              125.54380636600001,
              7.425852213000042
            ],
            [
              125.55773789200009,
              7.412268592000032
            ],
            [
              125.54158155000005,
              7.362852275000023
            ],
            [
              125.55127296600006,
              7.307491138000046
            ],
            [
              125.54917472900001,
              7.220802462000051
            ],
            [
              125.59048261300006,
              7.22737748000003
            ],
            [
              125.6035033820001,
              7.222604742000044
            ],
            [
              125.6080862450001,
              7.235974718000023
            ],
            [
              125.61580665200006,
              7.236402521000059
            ],
            [
              125.623197376,
              7.264272240000025
            ],
            [
              125.66318272400008,
              7.281355679000058
            ],
            [
              125.66591124500007,
              7.259372732000031
            ],
            [
              125.67831155200008,
              7.25577994300005
            ],
            [
              125.68090389100007,
              7.262640831000056
            ],
            [
              125.68101642300007,
              7.255429907000064
            ],
            [
              125.65358377300004,
              7.24818162300005
            ],
            [
              125.64502119000008,
              7.216182650000064
            ],
            [
              125.65259460800007,
              7.208406787000058
            ],
            [
              125.651041114,
              7.18493404700007
            ],
            [
              125.65359430700005,
              7.181183562000058
            ],
            [
              125.65742744300007,
              7.181862375000037
            ],
            [
              125.6579067890001,
              7.181155721000039
            ],
            [
              125.66294121700003,
              7.121591885000043
            ],
            [
              125.64971946500009,
              7.096079610000061
            ],
            [
              125.62750557700008,
              7.083658820000039
            ],
            [
              125.61003419700012,
              7.046248649000063
            ],
            [
              125.57995557800007,
              7.040526048000061
            ],
            [
              125.57605561500009,
              7.024642146000076
            ],
            [
              125.57508525600008,
              7.038125084000058
            ],
            [
              125.5652790790001,
              7.045730941000045
            ],
            [
              125.53634369500003,
              7.039341186000058
            ],
            [
              125.48904228300012,
              6.984360566000021
            ],
            [
              125.481798,
              6.962072300000045
            ],
            [
              125.2724863730001,
              6.985103854000045
            ],
            [
              125.24862393400008,
              7.000539738000043
            ],
            [
              125.25922056900004,
              7.029416808000065
            ],
            [
              125.29273864600009,
              7.036055654000052
            ],
            [
              125.28647233700008,
              7.09133033300003
            ],
            [
              125.29163036900002,
              7.10567326000006
            ],
            [
              125.22876936500006,
              7.175858360000063
            ],
            [
              125.2234718420001,
              7.210867900000039
            ],
            [
              125.25521114100002,
              7.259347723000076
            ],
            [
              125.253516826,
              7.275035828000057
            ],
            [
              125.24030993800011,
              7.27889118500002
            ],
            [
              125.24625959700006,
              7.295387100000028
            ],
            [
              125.22890381500008,
              7.355889474000037
            ],
            [
              125.27566577000005,
              7.374365237000063
            ],
            [
              125.25867535300006,
              7.382158898000057
            ],
            [
              125.2526006700001,
              7.400460404000057
            ],
            [
              125.23338329300009,
              7.404153070000064
            ],
            [
              125.2302228210001,
              7.411781518000055
            ],
            [
              125.24066974300001,
              7.414059125000051
            ],
            [
              125.2241864660001,
              7.471522938000021
            ],
            [
              125.23049014900005,
              7.500689711000064
            ],
            [
              125.26359983300006,
              7.506819022000059
            ],
            [
              125.26559191100012,
              7.564791229000036
            ],
            [
              125.5436054380001,
              7.565447
            ]
          ]
        ]
      }
    },
    {
      "type": "Feature",
      "properties": {
        "ADM3_EN": "General Santos City (Dadiangas)",
        "ADM3_PCODE": "PH1206303",
        "ADM2_EN": "South Cotabato",
        "ADM2_PCODE": "PH12063",
        "ADM1_EN": "Region XII (Soccsksargen)",
        "ADM1_PCODE": "PH12",
        "ADM0_EN": "Philippines (the)",
        "ADM0_PCODE": "PH",
        "date": "2022-11-09",
        "validOn": "2023-11-06",
        "validTo": null,
        "ADM3_REF": null,
        "ADM3ALT1EN": "Dadiangas",
        "Shape_Leng": 1.45849425777,
        "Shape_Area": 0.0425729213963,
        "AREA_SQKM": 521.114657143,
        "psgc_id": "PH1230800",
        "psgc_code": "1230800000",
        "psgc_name": "City of General Santos",
        "psgc_status": "fuzzy",
        "match_confidence": 1.0,
        "psgc_type": "highly_urbanized_city",
        "match_method": "fuzzy",
        "namria_adm2_pcode": "PH12063",
        "region": "Region XII (SOCCSKSARGEN)",
        "province": null
      },
      "geometry": {
        "type": "Polygon",
        "coordinates": [
          [
            [
              125.26929361100008,
              6.245874044000061
            ],
            [
              125.2366902660001,
              6.187626514000044
            ],
            [
              125.24295279600005,
              6.171690069000022
            ],
            [
              125.23382756800004,
              6.142360343000064
            ],
            [
              125.24093595500005,
              6.139118401000076
            ],
            [
              125.23424359100011,
              6.13614175400005
            ],
            [
              125.24097938800003,
              6.11585438700007
            ],
            [
              125.23695430400005,
              6.095554413000059
            ],
            [
              125.16456068200011,
              6.103443980000065
            ],
            [
              125.15351947700003,
              6.091182949000029
            ],
            [
              125.15655287100003,
              6.066288037000049
            ],
            [
              125.1430377050001,
              6.04237186000006
            ],
            [
              125.14187996500004,
              6.019802605000052
            ],
            [
              125.12048180200009,
              5.991047595000055
            ],
            [
              125.11407685900008,
              5.96645197600003
            ],
            [
              125.10392874900003,
              5.955319112000041
            ],
            [
              125.08233004500005,
              5.965252521000025
            ],
            [
              125.05591612,
              5.961623284000041
            ],
            [
              125.0567438920001,
              6.03997227800005
            ],
            [
              125.00544477400001,
              6.039237685000046
            ],
            [
              125.00519482300001,
              6.062087203000033
            ],
            [
              124.99471983500007,
              6.073860710000076
            ],
            [
              124.99086556200007,
              6.096677976000024
            ],
            [
              124.99040631900004,
              6.141480966000074
            ],
            [
              125.08767148000004,
              6.157382341000073
            ],
            [
              125.11134162600001,
              6.152458277000051
            ],
            [
              125.14009352200003,
              6.163744997000038
            ],
            [
              125.12419042400006,
              6.232721440000034
            ],
            [
              125.13293113800012,
              6.239225882000028
            ],
            [
              125.13842173900002,
              6.28119545800007
            ],
            [
              125.15292330800003,
              6.291989021000063
            ],
            [
              125.18977981700004,
              6.296626975000038
            ],
            [
              125.21866520200001,
              6.270067026000049
            ],
            [
              125.24666173900005,
              6.263597311000069
            ],
            [
              125.25297565500011,
              6.249896829000022
            ],
            [
              125.26929361100008,
              6.245874044000061
            ]
          ]
        ]
      }
    },
    {
      "type": "Feature",
      "properties": {
        "ADM3_EN": "City of Manila",
        "ADM3_PCODE": "PH1303901",
        "ADM2_EN": "Metropolitan Manila First District",
        "ADM2_PCODE": "PH13039",
        "ADM1_EN": "National Capital Region (NCR)",
        "ADM1_PCODE": "PH13",
        "ADM0_EN": "Philippines (the)",
        "ADM0_PCODE": "PH",
        "date": "2022-11-09",
        "validOn": "2023-11-06",
        "validTo": null,
        "ADM3_REF": null,
        "ADM3ALT1EN": null,
        "Shape_Leng": 0.600152105726,
        "Shape_Area": 0.00351963740284,
        "AREA_SQKM": 41.9600900619,
        "psgc_id": "PH1380600",
        "psgc_code": "1380600000",
        "psgc_name": "City of Manila",
        "psgc_status": "matched",
        "match_confidence": 1.0,
        "psgc_type": "highly_urbanized_city",
        "match_method": "exact",
        "namria_adm2_pcode": "PH13039",
        "region": "National Capital Region (NCR)",
        "province": null
      },
      "geometry": {
        "type": "Polygon",
        "coordinates": [
          [
            [
              120.94140014700008,
              14.634242946000029
            ],
            [
              120.99305930000003,
              14.635932792000062
            ],
            [
              120.98988594100001,
              14.62564046500006
            ],
            [
              121.02617047000001,
              14.593990118000022
            ],
            [
              120.99905087700006,
              14.56189927500003
            ],
            [
              120.98751161400003,
              14.558607406000021
            ],
            [
              120.9727582050001,
              14.583148978000054
            ],
            [
              120.96194519000005,
              14.583232450000025
            ],
            [
              120.96573570500004,
              14.587513071000046
            ],
            [
              120.96305733500003,
              14.59382271800007
            ],
            [
              120.95565543000009,
              14.572505101000047
            ],
            [
              120.95386802400003,
              14.591119100000071
            ],
            [
              120.96752885900003,
              14.595318969000061
            ],
            [
              120.96677920700006,
              14.596419792000063
            ],
            [
              120.9433715880001,
              14.594770830000073
            ],
            [
              120.93279649300007,
              14.602898354000047
            ],
            [
              120.954210439,
              14.601105148000045
            ],
            [
              120.94776581500003,
              14.607689395000023
            ],
            [
              120.94398653000007,
              14.617861197000025
            ],
            [
              120.95633249800005,
              14.600722136000059
            ],
            [
              120.9604671830001,
              14.600846682000054
            ],
            [
              120.95359576700002,
              14.625833852000028
            ],
            [
              120.95928604800008,
              14.629389533000051
            ],
            [
              120.94140014700008,
              14.634242946000029
            ]
          ]
        ]
      }
    },
    {
      "type": "Feature",
      "properties": {
        "ADM3_EN": "City of Mandaluyong",
        "ADM3_PCODE": "PH1307401",
        "ADM2_EN": "Metropolitan Manila Second District",
        "ADM2_PCODE": "PH13074",
        "ADM1_EN": "National Capital Region (NCR)",
        "ADM1_PCODE": "PH13",
        "ADM0_EN": "Philippines (the)",
        "ADM0_PCODE": "PH",
        "date": "2022-11-09",
        "validOn": "2023-11-06",
        "validTo": null,
        "ADM3_REF": null,
        "ADM3ALT1EN": null,
        "Shape_Leng": 0.141519561653,
        "Shape_Area": 0.000948954134063,
        "AREA_SQKM": 11.3140335194,
        "psgc_id": "PH1380500",
        "psgc_code": "1380500000",
        "psgc_name": "City of Mandaluyong",
        "psgc_status": "matched",
        "match_confidence": 1.0,
        "psgc_type": "highly_urbanized_city",
        "match_method": "exact",
        "namria_adm2_pcode": "PH13074",
        "region": "National Capital Region (NCR)",
        "province": null
      },
      "geometry": {
        "type": "Polygon",
        "coordinates": [
          [
            [
              121.05924493500004,
              14.601644073000045
            ],
            [
              121.05139764300009,
              14.567941174000055
            ],
            [
              121.03416050400006,
              14.56738795900003
            ],
            [
              121.01716439200004,
              14.579921177000074
            ],
            [
              121.02697250300002,
              14.595927154000037
            ],
            [
              121.03468091900004,
              14.590720646000022
            ],
            [
              121.05924493500004,
              14.601644073000045
            ]
          ]
        ]
      }
    },
    {
      "type": "Feature",
      "properties": {
        "ADM3_EN": "City of Marikina",
        "ADM3_PCODE": "PH1307402",
        "ADM2_EN": "Metropolitan Manila Second District",
        "ADM2_PCODE": "PH13074",
        "ADM1_EN": "National Capital Region (NCR)",
        "ADM1_PCODE": "PH13",
        "ADM0_EN": "Philippines (the)",
        "ADM0_PCODE": "PH",
        "date": "2022-11-09",
        "validOn": "2023-11-06",
        "validTo": null,
        "ADM3_REF": null,
        "ADM3ALT1EN": null,
        "Shape_Leng": 0.257016834834,
        "Shape_Area": 0.00192389849276,
        "AREA_SQKM": 22.9314030108,
        "psgc_id": "PH1380700",
        "psgc_code": "1380700000",
        "psgc_name": "City of Marikina",
        "psgc_status": "matched",
        "match_confidence": 1.0,
        "psgc_type": "highly_urbanized_city",
        "match_method": "exact",
        "namria_adm2_pcode": "PH13074",
        "region": "National Capital Region (NCR)",
        "province": null
      },
      "geometry": {
        "type": "Polygon",
        "coordinates": [
          [
            [
              121.13107957900002,
              14.667950382000072
            ],
            [
              121.13001300700012,
              14.634344953000038
            ],
            [
              121.11358356700009,
              14.637900409000054
            ],
            [
              121.10495984200008,
              14.621358134000047
            ],
            [
              121.07553645500002,
              14.61968623100006
            ],
            [
              121.08976019500005,
              14.66251567200004
            ],
            [
              121.10554655900012,
              14.67508710800007
            ],
            [
              121.13107957900002,
              14.667950382000072
            ]
          ]
        ]
      }
    },
    {
      "type": "Feature",
      "properties": {
        "ADM3_EN": "City of Pasig",
        "ADM3_PCODE": "PH1307403",
        "ADM2_EN": "Metropolitan Manila Second District",
        "ADM2_PCODE": "PH13074",
        "ADM1_EN": "National Capital Region (NCR)",
        "ADM1_PCODE": "PH13",
        "ADM0_EN": "Philippines (the)",
        "ADM0_PCODE": "PH",
        "date": "2022-11-09",
        "validOn": "2023-11-06",
        "validTo": null,
        "ADM3_REF": null,
        "ADM3ALT1EN": null,
        "Shape_Leng": 0.344847543621,
        "Shape_Area": 0.00262556408441,
        "AREA_SQKM": 31.3042246434,
        "psgc_id": "PH1381200",
        "psgc_code": "1381200000",
        "psgc_name": "City of Pasig",
        "psgc_status": "matched",
        "match_confidence": 1.0,
        "psgc_type": "highly_urbanized_city",
        "match_method": "exact",
        "namria_adm2_pcode": "PH13074",
        "region": "National Capital Region (NCR)",
        "province": null
      },
      "geometry": {
        "type": "Polygon",
        "coordinates": [
          [
            [
              121.10187866500007,
              14.620657343000062
            ],
            [
              121.11045450000006,
              14.592334529000027
            ],
            [
              121.10369517200002,
              14.593668617000048
            ],
            [
              121.10905753300005,
              14.580946777000065
            ],
            [
              121.0958914470001,
              14.564003354000022
            ],
            [
              121.10972207600003,
              14.546624930000064
            ],
            [
              121.1033378410001,
              14.531997657000034
            ],
            [
              121.09436799700006,
              14.546736230000022
            ],
            [
              121.06431954100003,
              14.551917179000043
            ],
            [
              121.0665839290001,
              14.559827276000021
            ],
            [
              121.05139764300009,
              14.567941174000055
            ],
            [
              121.05966011600003,
              14.59007071800005
            ],
            [
              121.08304477700005,
              14.590232025000034
            ],
            [
              121.08280987,
              14.603097099000024
            ],
            [
              121.0902267250001,
              14.599483759000066
            ],
            [
              121.07853067700012,
              14.614598889000035
            ],
            [
              121.08174247000011,
              14.623036486000046
            ],
            [
              121.10187866500007,
              14.620657343000062
            ]
          ]
        ]
      }
    },
    {
      "type": "Feature",
      "properties": {
        "ADM3_EN": "Quezon City",
        "ADM3_PCODE": "PH1307404",
        "ADM2_EN": "Metropolitan Manila Second District",
        "ADM2_PCODE": "PH13074",
        "ADM1_EN": "National Capital Region (NCR)",
        "ADM1_PCODE": "PH13",
        "ADM0_EN": "Philippines (the)",
        "ADM0_PCODE": "PH",
        "date": "2022-11-09",
        "validOn": "2023-11-06",
        "validTo": null,
        "ADM3_REF": null,
        "ADM3ALT1EN": null,
        "Shape_Leng": 0.773902305399,
        "Shape_Area": 0.013630340973,
        "AREA_SQKM": 162.439224064,
        "psgc_id": "PH1381300",
        "psgc_code": "1381300000",
        "psgc_name": "Quezon City",
        "psgc_status": "matched",
        "match_confidence": 1.0,
        "psgc_type": "highly_urbanized_city",
        "match_method": "exact",
        "namria_adm2_pcode": "PH13074",
        "region": "National Capital Region (NCR)",
        "province": null
      },
      "geometry": {
        "type": "Polygon",
        "coordinates": [
          [
            [
              121.13150281800006,
              14.72453338300005
            ],
            [
              121.12375939200001,
              14.707338821000064
            ],
            [
              121.11599242800003,
              14.709234545000072
            ],
            [
              121.12010187400006,
              14.698593123000023
            ],
            [
              121.11153847500009,
              14.695822613000075
            ],
            [
              121.10882057300012,
              14.677750007000043
            ],
            [
              121.08976019500005,
              14.66251567200004
            ],
            [
              121.08770942400008,
              14.64482326500007
            ],
            [
              121.07440579400009,
              14.628550651000069
            ],
            [
              121.09048821600004,
              14.601147797000067
            ],
            [
              121.08280987,
              14.603097099000024
            ],
            [
              121.08304477700005,
              14.590232025000034
            ],
            [
              121.05728732400007,
              14.589617128000043
            ],
            [
              121.05924493500004,
              14.601644073000045
            ],
            [
              121.05003333600007,
              14.609656116000053
            ],
            [
              121.0377314210001,
              14.606288117000076
            ],
            [
              121.02362443400011,
              14.61382461200003
            ],
            [
              121.01915248400007,
              14.603180344000066
            ],
            [
              120.98988594100001,
              14.62564046500006
            ],
            [
              121.00032029300007,
              14.664603180000029
            ],
            [
              121.024579162,
              14.693333310000071
            ],
            [
              121.01443080000001,
              14.719158309000022
            ],
            [
              121.03966093100007,
              14.741331094000031
            ],
            [
              121.07503917800011,
              14.740194067000061
            ],
            [
              121.08593385900008,
              14.758682793000048
            ],
            [
              121.13398305800001,
              14.777684855000075
            ],
            [
              121.1182150520001,
              14.749510186000066
            ],
            [
              121.11805757700006,
              14.729549361000068
            ],
            [
              121.13150281800006,
              14.72453338300005
            ]
          ]
        ]
      }
    },
    {
      "type": "Feature",
      "properties": {
        "ADM3_EN": "City of San Juan",
        "ADM3_PCODE": "PH1307405",
        "ADM2_EN": "Metropolitan Manila Second District",
        "ADM2_PCODE": "PH13074",
        "ADM1_EN": "National Capital Region (NCR)",
        "ADM1_PCODE": "PH13",
        "ADM0_EN": "Philippines (the)",
        "ADM0_PCODE": "PH",
        "date": "2022-11-09",
        "validOn": "2023-11-06",
        "validTo": null,
        "ADM3_REF": null,
        "ADM3ALT1EN": null,
        "Shape_Leng": 0.114846641621,
        "Shape_Area": 0.00048468612861,
        "AREA_SQKM": 5.77823947553,
        "psgc_id": "PH1381400",
        "psgc_code": "1381400000",
        "psgc_name": "City of San Juan",
        "psgc_status": "matched",
        "match_confidence": 1.0,
        "psgc_type": "highly_urbanized_city",
        "match_method": "exact",
        "namria_adm2_pcode": "PH13074",
        "region": "National Capital Region (NCR)",
        "province": null
      },
      "geometry": {
        "type": "Polygon",
        "coordinates": [
          [
            [
              121.05924493500004,
              14.601644073000045
            ],
            [
              121.03468091900004,
              14.590720646000022
            ],
            [
              121.01956577300007,
              14.602798255000039
            ],
            [
              121.0237162630001,
              14.613834815000075
            ],
            [
              121.05924493500004,
              14.601644073000045
            ]
          ]
        ]
      }
    },
    {
      "type": "Feature",
      "properties": {
        "ADM3_EN": "Caloocan City",
        "ADM3_PCODE": "PH1307501",
        "ADM2_EN": "Metropolitan Manila Third District",
        "ADM2_PCODE": "PH13075",
        "ADM1_EN": "National Capital Region (NCR)",
        "ADM1_PCODE": "PH13",
        "ADM0_EN": "Philippines (the)",
        "ADM0_PCODE": "PH",
        "date": "2022-11-09",
        "validOn": "2023-11-06",
        "validTo": null,
        "ADM3_REF": null,
        "ADM3ALT1EN": null,
        "Shape_Leng": 0.692757647712,
        "Shape_Area": 0.00446774515975,
        "AREA_SQKM": 53.2324427753,
        "psgc_id": "PH1380100",
        "psgc_code": "1380100000",
        "psgc_name": "City of Caloocan",
        "psgc_status": "matched",
        "match_confidence": 1.0,
        "psgc_type": "highly_urbanized_city",
        "match_method": "exact",
        "namria_adm2_pcode": "PH13075",
        "region": "National Capital Region (NCR)",
        "province": null
      },
      "geometry": {
        "type": "MultiPolygon",
        "coordinates": [
          [
            [
              [
                121.09950653900012,
                14.76920958900007
              ],
              [
                121.07503917800011,
                14.740194067000061
              ],
              [
                121.04083690900006,
                14.742111187000035
              ],
              [
                121.01443080000001,
                14.719158309000022
              ],
              [
                121.01467144500009,
                14.709301057000062
              ],
              [
                121.00024551500007,
                14.71425107600004
              ],
              [
                121.00704788100006,
                14.74578077600006
              ],
              [
                121.00086528200006,
                14.75352332400007
              ],
              [
                121.02402399100004,
                14.763034879000031
              ],
              [
                121.03047992400002,
                14.784200424000062
              ],
              [
                121.09950653900012,
                14.76920958900007
              ]
            ]
          ],
          [
            [
              [
                121.02257449100011,
                14.690437151000026
              ],
              [
                121.00032029300007,
                14.664603180000029
              ],
              [
                120.99313591600003,
                14.636168197000075
              ],
              [
                120.96862458700002,
                14.63559090800004
              ],
              [
                120.96064355100009,
                14.643295895000051
              ],
              [
                120.96182869100005,
                14.659452434000059
              ],
              [
                120.98786174400004,
                14.662557692000064
              ],
              [
                121.00039724400006,
                14.66943451800006
              ],
              [
                120.99969488700003,
                14.68443768800006
              ],
              [
                121.011792796,
                14.682219488000044
              ],
              [
                121.01526650800008,
                14.692054282000072
              ],
              [
                121.02257449100011,
                14.690437151000026
              ]
            ]
          ]
        ]
      }
    },
    {
      "type": "Feature",
      "properties": {
        "ADM3_EN": "City of Malabon",
        "ADM3_PCODE": "PH1307502",
        "ADM2_EN": "Metropolitan Manila Third District",
        "ADM2_PCODE": "PH13075",
        "ADM1_EN": "National Capital Region (NCR)",
        "ADM1_PCODE": "PH13",
        "ADM0_EN": "Philippines (the)",
        "ADM0_PCODE": "PH",
        "date": "2022-11-09",
        "validOn": "2023-11-06",
        "validTo": null,
        "ADM3_REF": null,
        "ADM3ALT1EN": null,
        "Shape_Leng": 0.262034414446,
        "Shape_Area": 0.00132294846866,
        "AREA_SQKM": 15.766655426,
        "psgc_id": "PH1380400",
        "psgc_code": "1380400000",
        "psgc_name": "City of Malabon",
        "psgc_status": "matched",
        "match_confidence": 1.0,
        "psgc_type": "highly_urbanized_city",
        "match_method": "exact",
        "namria_adm2_pcode": "PH13075",
        "region": "National Capital Region (NCR)",
        "province": null
      },
      "geometry": {
        "type": "Polygon",
        "coordinates": [
          [
            [
              120.95312750500011,
              14.694240067000067
            ],
            [
              120.96485998900005,
              14.674997554000072
            ],
            [
              120.97395797900003,
              14.678134682000064
            ],
            [
              120.98618596400001,
              14.66870356100003
            ],
            [
              120.99614758700011,
              14.675312474000066
            ],
            [
              121.00039724400006,
              14.66943451800006
            ],
            [
              120.96182869100005,
              14.659452434000059
            ],
            [
              120.9622596260001,
              14.645016088000034
            ],
            [
              120.92350922800006,
              14.699165367000035
            ],
            [
              120.93012120100002,
              14.702222168000048
            ],
            [
              120.94533687500007,
              14.688489937000043
            ],
            [
              120.95312750500011,
              14.694240067000067
            ]
          ]
        ]
      }
    },
    {
      "type": "Feature",
      "properties": {
        "ADM3_EN": "City of Navotas",
        "ADM3_PCODE": "PH1307503",
        "ADM2_EN": "Metropolitan Manila Third District",
        "ADM2_PCODE": "PH13075",
        "ADM1_EN": "National Capital Region (NCR)",
        "ADM1_PCODE": "PH13",
        "ADM0_EN": "Philippines (the)",
        "ADM0_PCODE": "PH",
        "date": "2022-11-09",
        "validOn": "2023-11-06",
        "validTo": null,
        "ADM3_REF": null,
        "ADM3ALT1EN": null,
        "Shape_Leng": 0.314710670025,
        "Shape_Area": 0.000884243212882,
        "AREA_SQKM": 10.5381987642,
        "psgc_id": "PH1380900",
        "psgc_code": "1380900000",
        "psgc_name": "City of Navotas",
        "psgc_status": "matched",
        "match_confidence": 1.0,
        "psgc_type": "highly_urbanized_city",
        "match_method": "exact",
        "namria_adm2_pcode": "PH13075",
        "region": "National Capital Region (NCR)",
        "province": null
      },
      "geometry": {
        "type": "Polygon",
        "coordinates": [
          [
            [
              120.91841488700004,
              14.712960826000028
            ],
            [
              120.95062619300006,
              14.654337987000076
            ],
            [
              120.96862969400001,
              14.63516714800005
            ],
            [
              120.95699563500011,
              14.633956327000021
            ],
            [
              120.947163068,
              14.636824238000031
            ],
            [
              120.95458269800008,
              14.636833262000039
            ],
            [
              120.94800064600008,
              14.652741007000031
            ],
            [
              120.90639543200007,
              14.700714606000076
            ],
            [
              120.91841488700004,
              14.712960826000028
            ]
          ]
        ]
      }
    },
    {
      "type": "Feature",
      "properties": {
        "ADM3_EN": "City of Valenzuela",
        "ADM3_PCODE": "PH1307504",
        "ADM2_EN": "Metropolitan Manila Third District",
        "ADM2_PCODE": "PH13075",
        "ADM1_EN": "National Capital Region (NCR)",
        "ADM1_PCODE": "PH13",
        "ADM0_EN": "Philippines (the)",
        "ADM0_PCODE": "PH",
        "date": "2022-11-09",
        "validOn": "2023-11-06",
        "validTo": null,
        "ADM3_REF": null,
        "ADM3ALT1EN": null,
        "Shape_Leng": 0.413527805563,
        "Shape_Area": 0.00390677554342,
        "AREA_SQKM": 46.5527761415,
        "psgc_id": "PH1381600",
        "psgc_code": "1381600000",
        "psgc_name": "City of Valenzuela",
        "psgc_status": "matched",
        "match_confidence": 1.0,
        "psgc_type": "highly_urbanized_city",
        "match_method": "exact",
        "namria_adm2_pcode": "PH13075",
        "region": "National Capital Region (NCR)",
        "province": null
      },
      "geometry": {
        "type": "Polygon",
        "coordinates": [
          [
            [
              120.98907750300009,
              14.757335131000048
            ],
            [
              121.00704788100006,
              14.74578077600006
            ],
            [
              121.00024551500007,
              14.71425107600004
            ],
            [
              121.01701624600003,
              14.708981510000058
            ],
            [
              121.02386413900001,
              14.690982587000065
            ],
            [
              121.01526650800008,
              14.692054282000072
            ],
            [
              121.011792796,
              14.682219488000044
            ],
            [
              121.00292322100006,
              14.686941512000033
            ],
            [
              120.9864655,
              14.668746525000074
            ],
            [
              120.97395797900003,
              14.678134682000064
            ],
            [
              120.96485998900005,
              14.674997554000072
            ],
            [
              120.92596146500011,
              14.734299748000069
            ],
            [
              120.94139839400009,
              14.737112462000027
            ],
            [
              120.9595504240001,
              14.719873626000037
            ],
            [
              120.97015428600002,
              14.721655536000071
            ],
            [
              120.98317818500004,
              14.725543640000069
            ],
            [
              120.97852281100006,
              14.734806719000062
            ],
            [
              120.98907750300009,
              14.757335131000048
            ]
          ]
        ]
      }
    },
    {
      "type": "Feature",
      "properties": {
        "ADM3_EN": "City of Las Piñas",
        "ADM3_PCODE": "PH1307601",
        "ADM2_EN": "Metropolitan Manila Fourth District",
        "ADM2_PCODE": "PH13076",
        "ADM1_EN": "National Capital Region (NCR)",
        "ADM1_PCODE": "PH13",
        "ADM0_EN": "Philippines (the)",
        "ADM0_PCODE": "PH",
        "date": "2022-11-09",
        "validOn": "2023-11-06",
        "validTo": null,
        "ADM3_REF": "City of Las Pinas",
        "ADM3ALT1EN": null,
        "Shape_Leng": 0.362306031006,
        "Shape_Area": 0.00274450989202,
        "AREA_SQKM": 32.7422137414,
        "psgc_id": "PH1380200",
        "psgc_code": "1380200000",
        "psgc_name": "City of Las Piñas",
        "psgc_status": "matched",
        "match_confidence": 1.0,
        "psgc_type": "highly_urbanized_city",
        "match_method": "exact",
        "namria_adm2_pcode": "PH13076",
        "region": "National Capital Region (NCR)",
        "province": null
      },
      "geometry": {
        "type": "MultiPolygon",
        "coordinates": [
          [
            [
              [
                120.97615718600002,
                14.489994038000077
              ],
              [
                120.97854618400004,
                14.488259646000074
              ],
              [
                120.97201762700001,
                14.481404884000028
              ],
              [
                120.97615718600002,
                14.489994038000077
              ]
            ]
          ],
          [
            [
              [
                121.02433824500008,
                14.436169403000065
              ],
              [
                121.01227971100002,
                14.405077597000059
              ],
              [
                121.01349824300007,
                14.379545585000074
              ],
              [
                121.01078450300008,
                14.374852788000055
              ],
              [
                120.98410719000003,
                14.433397659000036
              ],
              [
                120.9698520710001,
                14.446804095000061
              ],
              [
                120.97128743300004,
                14.47775443300003
              ],
              [
                120.98077125500004,
                14.487464576000036
              ],
              [
                120.99265172600008,
                14.483073540000078
              ],
              [
                121.00175103200002,
                14.453732070000058
              ],
              [
                121.02433824500008,
                14.436169403000065
              ]
            ]
          ]
        ]
      }
    },
    {
      "type": "Feature",
      "properties": {
        "ADM3_EN": "City of Makati",
        "ADM3_PCODE": "PH1307602",
        "ADM2_EN": "Metropolitan Manila Fourth District",
        "ADM2_PCODE": "PH13076",
        "ADM1_EN": "National Capital Region (NCR)",
        "ADM1_PCODE": "PH13",
        "ADM0_EN": "Philippines (the)",
        "ADM0_PCODE": "PH",
        "date": "2022-11-09",
        "validOn": "2023-11-06",
        "validTo": null,
        "ADM3_REF": null,
        "ADM3ALT1EN": null,
        "Shape_Leng": 0.26031650764,
        "Shape_Area": 0.00209353619049,
        "AREA_SQKM": 24.963739893,
        "psgc_id": "PH1380300",
        "psgc_code": "1380300000",
        "psgc_name": "City of Makati",
        "psgc_status": "matched",
        "match_confidence": 1.0,
        "psgc_type": "highly_urbanized_city",
        "match_method": "exact",
        "namria_adm2_pcode": "PH13076",
        "region": "National Capital Region (NCR)",
        "province": null
      },
      "geometry": {
        "type": "Polygon",
        "coordinates": [
          [
            [
              121.03416050400006,
              14.56738795900003
            ],
            [
              121.06700656800001,
              14.559267901000055
            ],
            [
              121.06091744900004,
              14.544062659000076
            ],
            [
              121.06692356700012,
              14.535837652000055
            ],
            [
              121.0589081280001,
              14.53119676800003
            ],
            [
              121.05590685300001,
              14.54216903200006
            ],
            [
              121.04699974500011,
              14.53548545600006
            ],
            [
              121.04639399500002,
              14.542844201000037
            ],
            [
              121.01198282400003,
              14.529814548000047
            ],
            [
              120.9988221530001,
              14.561716357000023
            ],
            [
              121.01537575800012,
              14.578190601000074
            ],
            [
              121.03416050400006,
              14.56738795900003
            ]
          ]
        ]
      }
    },
    {
      "type": "Feature",
      "properties": {
        "ADM3_EN": "City of Muntinlupa",
        "ADM3_PCODE": "PH1307603",
        "ADM2_EN": "Metropolitan Manila Fourth District",
        "ADM2_PCODE": "PH13076",
        "ADM1_EN": "National Capital Region (NCR)",
        "ADM1_PCODE": "PH13",
        "ADM0_EN": "Philippines (the)",
        "ADM0_PCODE": "PH",
        "date": "2022-11-09",
        "validOn": "2023-11-06",
        "validTo": null,
        "ADM3_REF": null,
        "ADM3ALT1EN": null,
        "Shape_Leng": 0.391298039728,
        "Shape_Area": 0.00328291918794,
        "AREA_SQKM": 39.1721763072,
        "psgc_id": "PH1380800",
        "psgc_code": "1380800000",
        "psgc_name": "City of Muntinlupa",
        "psgc_status": "matched",
        "match_confidence": 1.0,
        "psgc_type": "highly_urbanized_city",
        "match_method": "exact",
        "namria_adm2_pcode": "PH13076",
        "region": "National Capital Region (NCR)",
        "province": null
      },
      "geometry": {
        "type": "Polygon",
        "coordinates": [
          [
            [
              121.05738463300008,
              14.466723355000056
            ],
            [
              121.05097512300006,
              14.397121149000043
            ],
            [
              121.0573845020001,
              14.37863958500003
            ],
            [
              121.04848403300002,
              14.367288803000065
            ],
            [
              121.02927848000002,
              14.365855122000028
            ],
            [
              121.01945223300004,
              14.353054343000053
            ],
            [
              121.00689103200011,
              14.353943146000063
            ],
            [
              121.00934865700003,
              14.39167702900005
            ],
            [
              121.02426,
              14.43722
            ],
            [
              121.04141463600001,
              14.44385806200006
            ],
            [
              121.04668523600003,
              14.467856441000038
            ],
            [
              121.05738463300008,
              14.466723355000056
            ]
          ]
        ]
      }
    },
    {
      "type": "Feature",
      "properties": {
        "ADM3_EN": "City of Parañaque",
        "ADM3_PCODE": "PH1307604",
        "ADM2_EN": "Metropolitan Manila Fourth District",
        "ADM2_PCODE": "PH13076",
        "ADM1_EN": "National Capital Region (NCR)",
        "ADM1_PCODE": "PH13",
        "ADM0_EN": "Philippines (the)",
        "ADM0_PCODE": "PH",
        "date": "2022-11-09",
        "validOn": "2023-11-06",
        "validTo": null,
        "ADM3_REF": "City of Paranaque",
        "ADM3ALT1EN": null,
        "Shape_Leng": 0.431593921017,
        "Shape_Area": 0.00375827281766,
        "AREA_SQKM": 44.8281937565,
        "psgc_id": "PH1381000",
        "psgc_code": "1381000000",
        "psgc_name": "City of Parañaque",
        "psgc_status": "matched",
        "match_confidence": 1.0,
        "psgc_type": "highly_urbanized_city",
        "match_method": "exact",
        "namria_adm2_pcode": "PH13076",
        "region": "National Capital Region (NCR)",
        "province": null
      },
      "geometry": {
        "type": "Polygon",
        "coordinates": [
          [
            [
              121.0012187530001,
              14.506799297000043
            ],
            [
              121.04686590800009,
              14.500259387000028
            ],
            [
              121.04515791100005,
              14.452245447000053
            ],
            [
              121.0399541700001,
              14.44216044500007
            ],
            [
              121.02076091300012,
              14.43528309800007
            ],
            [
              121.0112107970001,
              14.452593389000072
            ],
            [
              121.00175103200002,
              14.453732070000058
            ],
            [
              120.992785851,
              14.482951835000051
            ],
            [
              120.97626195400005,
              14.49011177400007
            ],
            [
              120.9897418380001,
              14.502586016000066
            ],
            [
              120.97421349700005,
              14.508098663000055
            ],
            [
              120.97912317700002,
              14.52956748500003
            ],
            [
              120.99883131400009,
              14.532654936000029
            ],
            [
              121.0012187530001,
              14.506799297000043
            ]
          ]
        ]
      }
    },
    {
      "type": "Feature",
      "properties": {
        "ADM3_EN": "Pasay City",
        "ADM3_PCODE": "PH1307605",
        "ADM2_EN": "Metropolitan Manila Fourth District",
        "ADM2_PCODE": "PH13076",
        "ADM1_EN": "National Capital Region (NCR)",
        "ADM1_PCODE": "PH13",
        "ADM0_EN": "Philippines (the)",
        "ADM0_PCODE": "PH",
        "date": "2022-11-09",
        "validOn": "2023-11-06",
        "validTo": null,
        "ADM3_REF": null,
        "ADM3ALT1EN": null,
        "Shape_Leng": 0.262552318845,
        "Shape_Area": 0.00149983032239,
        "AREA_SQKM": 17.8860123716,
        "psgc_id": "PH1381100",
        "psgc_code": "1381100000",
        "psgc_name": "Pasay City",
        "psgc_status": "matched",
        "match_confidence": 1.0,
        "psgc_type": "highly_urbanized_city",
        "match_method": "exact",
        "namria_adm2_pcode": "PH13076",
        "region": "National Capital Region (NCR)",
        "province": null
      },
      "geometry": {
        "type": "Polygon",
        "coordinates": [
          [
            [
              120.98019641200005,
              14.563714269000059
            ],
            [
              120.99937301800003,
              14.561431929000037
            ],
            [
              121.01189583200005,
              14.52994485000005
            ],
            [
              121.0222366910001,
              14.530536428000062
            ],
            [
              121.03527359300006,
              14.506378342000062
            ],
            [
              121.0012187530001,
              14.506799297000043
            ],
            [
              120.99883131400009,
              14.532654936000029
            ],
            [
              120.97914539700002,
              14.529497045000028
            ],
            [
              120.97758675000011,
              14.555526022000038
            ],
            [
              120.98019641200005,
              14.563714269000059
            ]
          ]
        ]
      }
    },
    {
      "type": "Feature",
      "properties": {
        "ADM3_EN": "Taguig City",
        "ADM3_PCODE": "PH1307607",
        "ADM2_EN": "Metropolitan Manila Fourth District",
        "ADM2_PCODE": "PH13076",
        "ADM1_EN": "National Capital Region (NCR)",
        "ADM1_PCODE": "PH13",
        "ADM0_EN": "Philippines (the)",
        "ADM0_PCODE": "PH",
        "date": "2022-11-09",
        "validOn": "2023-11-06",
        "validTo": null,
        "ADM3_REF": null,
        "ADM3ALT1EN": null,
        "Shape_Leng": 0.341525290309,
        "Shape_Area": 0.00297838742712,
        "AREA_SQKM": 35.5206466158,
        "psgc_id": "PH1381500",
        "psgc_code": "1381500000",
        "psgc_name": "City of Taguig",
        "psgc_status": "matched",
        "match_confidence": 1.0,
        "psgc_type": "highly_urbanized_city",
        "match_method": "exact",
        "namria_adm2_pcode": "PH13076",
        "region": "National Capital Region (NCR)",
        "province": null
      },
      "geometry": {
        "type": "Polygon",
        "coordinates": [
          [
            [
              121.1033378410001,
              14.531997657000034
            ],
            [
              121.0861635340001,
              14.506183798000052
            ],
            [
              121.06932934800011,
              14.506686393000052
            ],
            [
              121.05933679600003,
              14.468330431000027
            ],
            [
              121.04668523600003,
              14.467856441000038
            ],
            [
              121.04686590800009,
              14.500259387000028
            ],
            [
              121.03654920300005,
              14.503924436000034
            ],
            [
              121.0222366910001,
              14.530536428000062
            ],
            [
              121.04639399500002,
              14.542844201000037
            ],
            [
              121.04699974500011,
              14.53548545600006
            ],
            [
              121.05590685300001,
              14.54216903200006
            ],
            [
              121.05973016200005,
              14.531029767000064
            ],
            [
              121.08102857400002,
              14.547530411000025
            ],
            [
              121.09436799700006,
              14.546736230000022
            ],
            [
              121.1033378410001,
              14.531997657000034
            ]
          ]
        ]
      }
    },
    {
      "type": "Feature",
      "properties": {
        "ADM3_EN": "Baguio City",
        "ADM3_PCODE": "PH1401102",
        "ADM2_EN": "Benguet",
        "ADM2_PCODE": "PH14011",
        "ADM1_EN": "Cordillera Administrative Region (CAR)",
        "ADM1_PCODE": "PH14",
        "ADM0_EN": "Philippines (the)",
        "ADM0_PCODE": "PH",
        "date": "2022-11-09",
        "validOn": "2023-11-06",
        "validTo": null,
        "ADM3_REF": null,
        "ADM3ALT1EN": null,
        "Shape_Leng": 0.323950390857,
        "Shape_Area": 0.00491383229712,
        "AREA_SQKM": 58.0858239625,
        "psgc_id": "PH1430300",
        "psgc_code": "1430300000",
        "psgc_name": "City of Baguio",
        "psgc_status": "matched",
        "match_confidence": 1.0,
        "psgc_type": "highly_urbanized_city",
        "match_method": "exact",
        "namria_adm2_pcode": "PH14011",
        "region": "Cordillera Administrative Region (CAR)",
        "province": null
      },
      "geometry": {
        "type": "Polygon",
        "coordinates": [
          [
            [
              120.6296130610001,
              16.428606459000036
            ],
            [
              120.63421120700002,
              16.362818309000033
            ],
            [
              120.62031855300006,
              16.357483428000023
            ],
            [
              120.56816728700005,
              16.371462050000048
            ],
            [
              120.56919283600007,
              16.399820972000043
            ],
            [
              120.55457980500012,
              16.40582777900005
            ],
            [
              120.54378431100008,
              16.42979103500005
            ],
            [
              120.6296130610001,
              16.428606459000036
            ]
          ]
        ]
      }
    },
    {
      "type": "Feature",
      "properties": {
        "ADM3_EN": "Butuan City (Capital)",
        "ADM3_PCODE": "PH1600202",
        "ADM2_EN": "Agusan del Norte",
        "ADM2_PCODE": "PH16002",
        "ADM1_EN": "Region XIII (Caraga)",
        "ADM1_PCODE": "PH16",
        "ADM0_EN": "Philippines (the)",
        "ADM0_PCODE": "PH",
        "date": "2022-11-09",
        "validOn": "2023-11-06",
        "validTo": null,
        "ADM3_REF": null,
        "ADM3ALT1EN": null,
        "Shape_Leng": 1.21929294812,
        "Shape_Area": 0.0533665231616,
        "AREA_SQKM": 649.185218088,
        "psgc_id": "PH1630400",
        "psgc_code": "1630400000",
        "psgc_name": "City of Butuan",
        "psgc_status": "matched",
        "match_confidence": 1.0,
        "psgc_type": "highly_urbanized_city",
        "match_method": "exact",
        "namria_adm2_pcode": "PH16002",
        "region": "Region XIII (Caraga)",
        "province": null
      },
      "geometry": {
        "type": "Polygon",
        "coordinates": [
          [
            [
              125.73561859100005,
              9.048310280000067
            ],
            [
              125.69587707500011,
              8.985059738000075
            ],
            [
              125.70077373200002,
              8.951795385000025
            ],
            [
              125.67788193400008,
              8.937550293000072
            ],
            [
              125.66314386800002,
              8.937778982000054
            ],
            [
              125.66184721900004,
              8.923198261000039
            ],
            [
              125.6359873450001,
              8.897580467000068
            ],
            [
              125.63876141100002,
              8.847520701000064
            ],
            [
              125.6488293650001,
              8.84734656300003
            ],
            [
              125.65870644800009,
              8.773930244000042
            ],
            [
              125.63721886200005,
              8.774920555000051
            ],
            [
              125.64219138400006,
              8.75891819100002
            ],
            [
              125.61744234600008,
              8.749242796000033
            ],
            [
              125.50361071000009,
              8.750813838000056
            ],
            [
              125.49523072500006,
              8.788381978000075
            ],
            [
              125.4668070560001,
              8.815767521000055
            ],
            [
              125.46131473900004,
              8.952484297000069
            ],
            [
              125.47344520700005,
              8.99468610300005
            ],
            [
              125.50295459600011,
              9.012578095000038
            ],
            [
              125.52245136200008,
              9.00927678100004
            ],
            [
              125.5286060410001,
              8.996417615000041
            ],
            [
              125.57107043000008,
              8.996417615000041
            ],
            [
              125.57120843000007,
              9.034258847000046
            ],
            [
              125.59628278100001,
              9.049047651000024
            ],
            [
              125.73561859100005,
              9.048310280000067
            ]
          ]
        ]
      }
    },
    {
      "type": "Feature",
      "properties": {
        "ADM3_EN": "Puerto Princesa City (Capital)",
        "ADM3_PCODE": "PH1705316",
        "ADM2_EN": "Palawan",
        "ADM2_PCODE": "PH17053",
        "ADM1_EN": "Mimaropa Region",
        "ADM1_PCODE": "PH17",
        "ADM0_EN": "Philippines (the)",
        "ADM0_PCODE": "PH",
        "date": "2022-11-09",
        "validOn": "2023-11-06",
        "validTo": null,
        "ADM3_REF": null,
        "ADM3ALT1EN": null,
        "Shape_Leng": 5.81304105421,
        "Shape_Area": 0.178781364726,
        "AREA_SQKM": 2168.61662758,
        "psgc_id": "PH1731500",
        "psgc_code": "1731500000",
        "psgc_name": "City of Puerto Princesa",
        "psgc_status": "matched",
        "match_confidence": 1.0,
        "psgc_type": "highly_urbanized_city",
        "match_method": "exact",
        "namria_adm2_pcode": "PH17053",
        "region": "MIMAROPA Region",
        "province": null
      },
      "geometry": {
        "type": "MultiPolygon",
        "coordinates": [
          [
            [
              [
                119.0613520280001,
                10.232227755000054
              ],
              [
                119.15858181400006,
                10.120522504000064
              ],
              [
                119.13604095900007,
                10.02520505800004
              ],
              [
                119.078403008,
                10.018437106000022
              ],
              [
                118.93923265100011,
                9.977978755000038
              ],
              [
                118.87594224000009,
                9.98006315400005
              ],
              [
                118.85041614300007,
                9.969809370000064
              ],
              [
                118.82245066900009,
                9.938044223000077
              ],
              [
                118.80252542200003,
                9.934850212000072
              ],
              [
                118.7942103370001,
                9.945473838000055
              ],
              [
                118.77263871500008,
                9.939514479000024
              ],
              [
                118.7719723350001,
                9.929691284000057
              ],
              [
                118.76352201300006,
                9.93030374400007
              ],
              [
                118.764540484,
                9.912951973000077
              ],
              [
                118.75837482600002,
                9.932083668000075
              ],
              [
                118.74957583600008,
                9.928836549000039
              ],
              [
                118.74104379200003,
                9.896529302000033
              ],
              [
                118.74820757700002,
                9.868522934000055
              ],
              [
                118.74181240400003,
                9.841258672000038
              ],
              [
                118.75634218900007,
                9.827588673000037
              ],
              [
                118.7548494020001,
                9.815081468000074
              ],
              [
                118.76374184000008,
                9.816330797000035
              ],
              [
                118.77197797400004,
                9.806018988000062
              ],
              [
                118.77268558100002,
                9.728742619000059
              ],
              [
                118.7664430860001,
                9.721296652000035
              ],
              [
                118.73242269700006,
                9.73005992800006
              ],
              [
                118.72626706000005,
                9.74170846000004
              ],
              [
                118.73961053900007,
                9.751728981000042
              ],
              [
                118.73573964800005,
                9.774986646000059
              ],
              [
                118.73062331200003,
                9.777302684000063
              ],
              [
                118.72541520900006,
                9.766538851000064
              ],
              [
                118.72093831200004,
                9.788676294000027
              ],
              [
                118.716110146,
                9.771129767000048
              ],
              [
                118.69787526400012,
                9.777325805000032
              ],
              [
                118.69016833800003,
                9.758360121000067
              ],
              [
                118.70011241400005,
                9.737013902000058
              ],
              [
                118.69419113700008,
                9.711751187000061
              ],
              [
                118.72920539800009,
                9.708542831000045
              ],
              [
                118.70719664,
                9.690365482000061
              ],
              [
                118.70478944000001,
                9.679573417000029
              ],
              [
                118.72067652100009,
                9.684459283000024
              ],
              [
                118.73124006300009,
                9.700104106000026
              ],
              [
                118.73878966100006,
                9.695718810000074
              ],
              [
                118.73120189400004,
                9.68618421900004
              ],
              [
                118.7354938100001,
                9.680360637000035
              ],
              [
                118.76131172200007,
                9.688360531000058
              ],
              [
                118.76105422,
                9.667880214000036
              ],
              [
                118.7477345740001,
                9.657253222000065
              ],
              [
                118.73988754800007,
                9.662249803000066
              ],
              [
                118.73385361300006,
                9.65193733600006
              ],
              [
                118.73232894600005,
                9.659282054000073
              ],
              [
                118.72160065700007,
                9.658243233000064
              ],
              [
                118.71854530200005,
                9.650749312000073
              ],
              [
                118.73590484200008,
                9.650028402000032
              ],
              [
                118.734788234,
                9.642140279000046
              ],
              [
                118.70498611100004,
                9.612861173000056
              ],
              [
                118.69531847500002,
                9.584766012000046
              ],
              [
                118.6791115630001,
                9.566606662000027
              ],
              [
                118.65817650500003,
                9.557036121000067
              ],
              [
                118.6443643,
                9.514837279000062
              ],
              [
                118.63282999600005,
                9.502022332000024
              ],
              [
                118.62255141800006,
                9.50784150000004
              ],
              [
                118.62181090900003,
                9.489820257000076
              ],
              [
                118.53302917300005,
                9.579528
              ],
              [
                118.40903103200003,
                9.681079130000057
              ],
              [
                118.41940098000009,
                9.704629989000068
              ],
              [
                118.42750399900001,
                9.704122917000063
              ],
              [
                118.44860434000009,
                9.72779553600003
              ],
              [
                118.4744815580001,
                9.731614212000068
              ],
              [
                118.51215168400006,
                9.760681867000073
              ],
              [
                118.51340979500003,
                9.774559699000065
              ],
              [
                118.52955720800003,
                9.783993274000068
              ],
              [
                118.54094667000004,
                9.806969844000037
              ],
              [
                118.56605338000008,
                9.829596713000058
              ],
              [
                118.56924403500011,
                9.847597323000059
              ],
              [
                118.60575098800007,
                9.870873646000064
              ],
              [
                118.61463047100005,
                9.891824276000023
              ],
              [
                118.60490020300006,
                9.91482441900007
              ],
              [
                118.61925093500008,
                9.915818212000033
              ],
              [
                118.64414987400005,
                9.933918155000072
              ],
              [
                118.64171776500007,
                9.948317979000024
              ],
              [
                118.64827604400011,
                9.954350163000072
              ],
              [
                118.64304508700002,
                9.95960692500006
              ],
              [
                118.6633495640001,
                9.975380849000032
              ],
              [
                118.65162365800006,
                9.982873875000053
              ],
              [
                118.64474611500009,
                10.003200554000045
              ],
              [
                118.66016499600005,
                9.998312178000049
              ],
              [
                118.6683585720001,
                10.009979240000064
              ],
              [
                118.69299036100006,
                10.019339074000072
              ],
              [
                118.6936371590001,
                10.031807988000025
              ],
              [
                118.70394745700003,
                10.038407500000062
              ],
              [
                118.72295335600006,
                10.035735972000055
              ],
              [
                118.7265823240001,
                10.07053111600004
              ],
              [
                118.74581273900003,
                10.083539827000038
              ],
              [
                118.74643857800004,
                10.107016702000067
              ],
              [
                118.76112153000008,
                10.120923447000052
              ],
              [
                118.760223128,
                10.131333493000056
              ],
              [
                118.77159552100011,
                10.116164560000072
              ],
              [
                118.76353117500003,
                10.116703765000068
              ],
              [
                118.77160416000004,
                10.102864949000036
              ],
              [
                118.77012159200001,
                10.094255029000067
              ],
              [
                118.76366959300003,
                10.095916084000066
              ],
              [
                118.77350894300002,
                10.085787789000051
              ],
              [
                118.77362979300005,
                10.069989686000042
              ],
              [
                118.7412559170001,
                10.075792038000031
              ],
              [
                118.75215400500008,
                10.06484019000004
              ],
              [
                118.77522694200002,
                10.059876024000062
              ],
              [
                118.7759627260001,
                10.046739997000032
              ],
              [
                118.76915763200009,
                10.044116056000064
              ],
              [
                118.77658420900002,
                10.021698429000025
              ],
              [
                118.79632862500011,
                10.022569772000054
              ],
              [
                118.79392827100003,
                10.036589240000069
              ],
              [
                118.80326436300004,
                10.026892409000027
              ],
              [
                118.80988997200006,
                10.029943237000055
              ],
              [
                118.80996064300007,
                10.070029245000057
              ],
              [
                118.82729434900011,
                10.100613200000055
              ],
              [
                118.84027118100005,
                10.104916280000054
              ],
              [
                118.81110540300006,
                10.110853260000056
              ],
              [
                118.80481429200006,
                10.121161378000068
              ],
              [
                118.81364809100012,
                10.133911012000056
              ],
              [
                118.81248063700002,
                10.163954998000065
              ],
              [
                118.80468343000007,
                10.173649458000057
              ],
              [
                118.80877126900009,
                10.194941783000047
              ],
              [
                118.8185951370001,
                10.197528394000074
              ],
              [
                118.83490823200009,
                10.186670424000056
              ],
              [
                118.86244790400008,
                10.209513432000051
              ],
              [
                118.88067808100004,
                10.209062935000077
              ],
              [
                118.89495927900009,
                10.196336605000056
              ],
              [
                118.93643915700011,
                10.205742152000028
              ],
              [
                118.95270899000002,
                10.25107982000003
              ],
              [
                118.93710219900004,
                10.264305166000042
              ],
              [
                118.96262921200002,
                10.269639815000062
              ],
              [
                118.9323573900001,
                10.289478390000056
              ],
              [
                118.94100144900005,
                10.289353479000056
              ],
              [
                118.94277405500009,
                10.29967401500005
              ],
              [
                118.9635831700001,
                10.283888699000045
              ],
              [
                118.9780512320001,
                10.298962306000021
              ],
              [
                118.97150500200007,
                10.31015095600003
              ],
              [
                119.055288743,
                10.225280284000064
              ],
              [
                119.0613520280001,
                10.232227755000054
              ]
            ]
          ],
          [
            [
              [
                118.78299533800009,
                10.096640475000072
              ],
              [
                118.78321939200009,
                10.088445400000069
              ],
              [
                118.781190175,
                10.072244549000061
              ],
              [
                118.78029521300004,
                10.080662921000055
              ],
              [
                118.78299533800009,
                10.096640475000072
              ]
            ]
          ],
          [
            [
              [
                118.78844065700002,
                10.023716465000064
              ],
              [
                118.78994200500006,
                10.023607724000044
              ],
              [
                118.788794144,
                10.02249385400006
              ],
              [
                118.78844065700002,
                10.023716465000064
              ]
            ]
          ],
          [
            [
              [
                118.91670028700003,
                9.933610396000063
              ],
              [
                118.92174901600004,
                9.940359449000027
              ],
              [
                118.93239892600002,
                9.933632405000026
              ],
              [
                118.92384807600001,
                9.925751441000045
              ],
              [
                118.91670028700003,
                9.933610396000063
              ]
            ]
          ],
          [
            [
              [
                118.86656541700006,
                9.938602565000053
              ],
              [
                118.86593470500009,
                9.938593600000047
              ],
              [
                118.8659917760001,
                9.938809024000022
              ],
              [
                118.86656541700006,
                9.938602565000053
              ]
            ]
          ],
          [
            [
              [
                118.85835827400001,
                9.929236389000039
              ],
              [
                118.85389122800007,
                9.933338728000024
              ],
              [
                118.85461247800004,
                9.933951041000057
              ],
              [
                118.85835827400001,
                9.929236389000039
              ]
            ]
          ],
          [
            [
              [
                118.7919222490001,
                9.92541084100003
              ],
              [
                118.78796003800005,
                9.929904481000051
              ],
              [
                118.79438424000011,
                9.930023910000045
              ],
              [
                118.7919222490001,
                9.92541084100003
              ]
            ]
          ],
          [
            [
              [
                118.84439351200001,
                9.92079923600005
              ],
              [
                118.84097200500003,
                9.922907708000025
              ],
              [
                118.84438180000006,
                9.921392983000032
              ],
              [
                118.84439351200001,
                9.92079923600005
              ]
            ]
          ],
          [
            [
              [
                118.87606666300007,
                9.909811038000043
              ],
              [
                118.88415179900005,
                9.912330736000058
              ],
              [
                118.87970046300006,
                9.904745254000034
              ],
              [
                118.87606666300007,
                9.909811038000043
              ]
            ]
          ],
          [
            [
              [
                118.824043877,
                9.897758342000031
              ],
              [
                118.8196666560001,
                9.89931094700006
              ],
              [
                118.82489526300003,
                9.903296906000037
              ],
              [
                118.83133504800003,
                9.905791129000022
              ],
              [
                118.83652784300011,
                9.911913044000073
              ],
              [
                118.838534922,
                9.913696196000046
              ],
              [
                118.83888835100004,
                9.913634056000035
              ],
              [
                118.824043877,
                9.897758342000031
              ]
            ]
          ],
          [
            [
              [
                118.79832646400007,
                9.899776291000023
              ],
              [
                118.796393082,
                9.90131317600003
              ],
              [
                118.79752554900006,
                9.90397740800006
              ],
              [
                118.79832646400007,
                9.899776291000023
              ]
            ]
          ],
          [
            [
              [
                118.79067501700001,
                9.880507699000077
              ],
              [
                118.77801375500007,
                9.881088728000066
              ],
              [
                118.77586250900004,
                9.887781124000071
              ],
              [
                118.78748594900003,
                9.889012659000059
              ],
              [
                118.79067501700001,
                9.880507699000077
              ]
            ]
          ],
          [
            [
              [
                118.76925978700001,
                9.880758256000036
              ],
              [
                118.7691803130001,
                9.877688069000044
              ],
              [
                118.7680688590001,
                9.879360961000032
              ],
              [
                118.76925978700001,
                9.880758256000036
              ]
            ]
          ],
          [
            [
              [
                118.81414563900012,
                9.872970225000074
              ],
              [
                118.813909351,
                9.87855526900006
              ],
              [
                118.81767943300008,
                9.87267005800004
              ],
              [
                118.81414563900012,
                9.872970225000074
              ]
            ]
          ],
          [
            [
              [
                118.77088264300005,
                9.871988976000068
              ],
              [
                118.76709730900006,
                9.872190596000053
              ],
              [
                118.76671011500002,
                9.874424672000032
              ],
              [
                118.77088264300005,
                9.871988976000068
              ]
            ]
          ],
          [
            [
              [
                118.76545990300008,
                9.854971453000076
              ],
              [
                118.75880857200002,
                9.851432852000073
              ],
              [
                118.757514366,
                9.853217931000074
              ],
              [
                118.76545990300008,
                9.854971453000076
              ]
            ]
          ],
          [
            [
              [
                118.775578128,
                9.833039064000047
              ],
              [
                118.77258948300005,
                9.838775886000064
              ],
              [
                118.7679033610001,
                9.839993629000048
              ],
              [
                118.77668517200004,
                9.839139874000068
              ],
              [
                118.775578128,
                9.833039064000047
              ]
            ]
          ],
          [
            [
              [
                118.69957403600006,
                9.773698370000034
              ],
              [
                118.69858086400006,
                9.773371359000066
              ],
              [
                118.698546985,
                9.77452637500005
              ],
              [
                118.69957403600006,
                9.773698370000034
              ]
            ]
          ],
          [
            [
              [
                118.73637639100002,
                9.75403374900003
              ],
              [
                118.73567556500007,
                9.753576622000026
              ],
              [
                118.73547242400002,
                9.75422727800003
              ],
              [
                118.73637639100002,
                9.75403374900003
              ]
            ]
          ]
        ]
      }
    }
  ]
}